,oversampling_ratio,step_size,repeat0,repeat1,repeat2,repeat3,repeat4,repeat5,repeat6,repeat7,repeat8,repeat9,repeat10,repeat11,repeat12,repeat13,repeat14,repeat15,repeat16,repeat17,repeat18,repeat19,repeat20,repeat21,repeat22,repeat23,repeat24,repeat25,repeat26,repeat27,repeat28,repeat29,repeat30,repeat31,repeat32,repeat33,repeat34,repeat35,repeat36,repeat37,repeat38,repeat39,repeat40,repeat41,repeat42,repeat43,repeat44,repeat45,repeat46,repeat47,repeat48,repeat49
0,0.1,,0.0008887084550224245,0.0048086922615766525,0.0009452258236706257,0.0010748152853921056,0.0075283534824848175,0.0020780544728040695,0.00865596067160368,0.009137940593063831,0.0033148915972560644,0.0019059106707572937,0.0028505856171250343,0.001261484925635159,0.002520127920433879,0.010064484551548958,0.0014357507461681962,0.0019379564328119159,0.00320466049015522,0.008516495116055012,0.006092276889830828,0.001020723721012473,0.004082109779119492,0.0006386188906617463,0.003504430875182152,0.0011854821350425482,0.0047528501600027084,0.0034456858411431313,0.0009984001517295837,0.006771028973162174,0.0011124786688014865,0.0013868743553757668,0.004467132035642862,0.012908798642456532,0.0048014018684625626,0.00298429187387228,0.005414378829300404,0.022239716723561287,0.005140728782862425,0.005544065497815609,0.004644439090043306,0.011355836875736713,0.0022619832307100296,0.00569133972749114,0.0032074758782982826,0.0015336337964981794,0.007761812303215265,0.006443665362894535,0.00542758172377944,0.0026623725425451994,0.0007016910240054131,0.002801858354359865
1,0.2,,0.004605086054652929,0.006484306417405605,0.006099908612668514,0.0012488079955801368,0.003546945983543992,0.0028477490413933992,0.0029822452925145626,0.014273179695010185,0.0015486088814213872,0.0012152900453656912,0.0020490719471126795,0.004263024777173996,0.004287869669497013,0.0019314918899908662,0.004042710177600384,0.003462917869910598,0.0015133596025407314,0.0005227072979323566,0.002340259961783886,0.00010619084787322208,0.0022878439631313086,0.0030253464356064796,0.09351001679897308,0.00568611454218626,0.0019068983383476734,0.0038535415660589933,0.004855272825807333,0.004061609040945768,0.0033786166459321976,0.0017431840533390641,0.006277774460613728,0.0007768307696096599,0.00143118214327842,0.004424358252435923,0.003301314078271389,0.003191928146407008,0.008320026099681854,0.0006359336548484862,0.0029389820992946625,0.0014120107516646385,0.0018123415065929294,0.000763016170822084,0.0006908556097187102,0.0021965913474559784,0.0044855279847979546,0.0042759329080581665,0.005177042447030544,0.002359518315643072,0.0034820197615772486,0.0019751018844544888
2,0.3,,0.002052582334727049,0.011813478544354439,0.002831072313711047,0.04503994062542915,0.0017191487131640315,0.003495112294331193,0.0029455660842359066,0.029879312962293625,0.026611361652612686,0.012182945385575294,0.046769045293331146,0.006514242384582758,0.0019995500333607197,0.017265168949961662,0.019366813823580742,0.0026446778792887926,0.004255926702171564,0.043796356767416,0.014345424249768257,0.06879644095897675,0.0019009072566404939,0.005540093872696161,0.019917650148272514,0.04936416074633598,0.0024933023378252983,0.0020634036045521498,0.0025672782212495804,0.000984836369752884,0.01674390397965908,0.0012398589169606566,0.0048116217367351055,0.000344907894032076,0.04355211183428764,0.0014844408724457026,0.00217389571480453,0.0020291125401854515,0.03556430712342262,0.028768891468644142,0.0030872493516653776,0.003421542700380087,0.004691766574978828,0.0006663196254521608,0.04674239084124565,0.003316942835226655,0.015409344807267189,0.0036418153904378414,0.004149876069277525,0.003955636639147997,0.08059227466583252,0.0021798587404191494
3,0.4,,0.05296291038393974,0.018028149381279945,0.005521080922335386,0.015750013291835785,0.014300559647381306,0.013154287822544575,0.0011729791294783354,0.029700541868805885,0.03604482114315033,0.09349342435598373,0.007809808943420649,0.029939185827970505,0.0060215359553694725,0.0017962722340598702,0.03619334474205971,0.002904733642935753,0.0127846859395504,0.07120437175035477,0.058741938322782516,0.008923325687646866,0.0004996158531866968,0.029573015868663788,0.002191767795011401,0.023670848459005356,0.002318065846338868,0.015015915036201477,0.03842184692621231,0.0022993148304522038,0.0019999323412775993,0.011826676316559315,0.012366124428808689,0.006875214632600546,0.009822131134569645,0.019360153004527092,0.00855724886059761,0.031716249883174896,0.0009955979185178876,0.0014056205982342362,0.023159461095929146,0.03551127389073372,0.00819457322359085,0.03642875328660011,0.002037920756265521,0.055754002183675766,0.02827308140695095,0.014090282842516899,0.0002969827619381249,0.026985256001353264,0.001582788536325097,0.0036812848411500454
4,0.5,,0.01764700934290886,0.0007896844763308764,0.02662205696105957,0.024654289707541466,0.01817041076719761,0.05544106662273407,0.007943966425955296,0.005987517535686493,0.012537267990410328,0.09440076351165771,0.006009314209222794,0.06199970468878746,0.13777652382850647,0.06273620575666428,0.023523453623056412,0.06136327609419823,0.03601572662591934,0.023328721523284912,0.03027031570672989,0.011196953244507313,0.001612739055417478,0.029101580381393433,0.0430857315659523,0.028950635343790054,0.00519379461184144,0.01042810920625925,0.01153925433754921,0.011513642966747284,0.014527268707752228,0.012815865688025951,0.011979429051280022,0.010723203420639038,0.052138250321149826,0.03626685589551926,0.019687747582793236,0.005337921436876059,0.0010934305610135198,0.01490591187030077,0.0264359749853611,0.019185474142432213,0.011551031842827797,0.009846039116382599,0.07719600945711136,0.04839317128062248,0.02866792120039463,0.047649554908275604,0.02450599893927574,0.04644541069865227,0.01980735920369625,0.016317658126354218
5,0.6,,0.0014397086342796683,0.021072817966341972,0.004365737084299326,0.024093912914395332,0.006959201768040657,0.00411236984655261,0.11549360305070877,0.015004872344434261,0.01285554002970457,0.013813620433211327,0.018495511263608932,0.03595948964357376,0.009721624664962292,0.01752043329179287,0.008262399584054947,0.021444840356707573,0.036923039704561234,0.027678783982992172,0.03982877358794212,0.005341659300029278,0.07758141309022903,0.07366757094860077,0.04826774075627327,0.0034646347630769014,0.014186750166118145,0.009855243377387524,0.02059200406074524,0.01014950592070818,0.02784440852701664,0.009066292084753513,0.0328778438270092,0.010136581026017666,0.09378806501626968,0.17419415712356567,0.013870926573872566,0.026856878772377968,0.007240702398121357,0.026243126019835472,0.006214924622327089,0.01380007155239582,0.03616585582494736,0.039935402572155,0.0071930717676877975,0.031306274235248566,0.009114115498960018,0.004500116221606731,0.01592760533094406,0.04853690415620804,0.04191367328166962,0.05677676945924759
6,0.7,,0.010315920226275921,0.12315960228443146,0.013007809408009052,0.02097378298640251,0.06024716794490814,0.0067568314261734486,0.014323352836072445,0.010889417491853237,0.007135083433240652,0.03657800704240799,0.06069856882095337,0.006314790807664394,0.07393380999565125,0.03525468334555626,0.07585301250219345,0.02863181009888649,0.01461724005639553,0.012859668582677841,0.0020320068579167128,0.01913166418671608,0.006306461524218321,0.06560642272233963,0.033884111791849136,0.03710787370800972,0.01943792589008808,0.018130021169781685,0.02341494709253311,0.014200937934219837,0.009699742309749126,0.008519025519490242,0.006345668341964483,0.25760844349861145,0.0006957686855457723,0.014455283060669899,0.009544767439365387,0.06111016124486923,0.021035294979810715,0.012585185468196869,0.012924717739224434,0.03660845756530762,0.1042499765753746,0.02385970577597618,0.030126892030239105,0.011969402432441711,0.0035210889764130116,0.005652323365211487,0.0024301360826939344,0.015515821054577827,0.017882758751511574,0.00757376104593277
7,0.8,,0.016672447323799133,0.022103385999798775,0.052115391939878464,0.008629696443676949,0.045642293989658356,0.018144795671105385,0.00783583801239729,0.005280207376927137,0.0063101015985012054,0.024556243792176247,0.021586311981081963,0.02813679166138172,0.011056477203965187,0.02488706260919571,0.015235476195812225,0.02737468108534813,0.02170911803841591,0.08195346593856812,0.018003273755311966,0.010940797626972198,0.031292203813791275,0.015510786324739456,0.01656745932996273,0.012150395661592484,0.09376953542232513,0.01593082770705223,0.003357343142852187,0.01636846549808979,0.02744593471288681,0.16140413284301758,0.09356564283370972,0.011894560419023037,0.007871191948652267,0.014388758689165115,0.03577405586838722,0.019018467515707016,0.021211326122283936,0.0342596061527729,0.02490357495844364,0.04815996438264847,0.03853430226445198,0.027615930885076523,0.003668712917715311,0.1984051913022995,0.010335076600313187,0.01011876855045557,0.027234332635998726,0.028284478932619095,0.0236503928899765,0.022695081308484077
8,0.9,,0.02426723949611187,0.1606256663799286,0.012601491995155811,0.022898290306329727,0.007436844520270824,0.006140595301985741,0.12548291683197021,0.002311177784577012,0.06089037284255028,0.001669077668339014,0.04308967664837837,0.008769513107836246,0.026905087754130363,0.024356281384825706,0.02150983363389969,0.014330726116895676,0.030438415706157684,0.03267659246921539,0.027914924547076225,0.03224892169237137,0.38628703355789185,0.004637491423636675,0.06252065300941467,0.021806851029396057,0.0223276037722826,0.08997836709022522,0.038916878402233124,0.016735684126615524,0.01067126914858818,0.010814386419951916,0.09518574923276901,0.004808319266885519,0.059589873999357224,0.0032358954194933176,0.02759627066552639,0.00909341685473919,0.04338104650378227,0.0639786347746849,0.004972653463482857,0.042286984622478485,0.028244318440556526,0.008298458531498909,0.015563509427011013,0.1253584623336792,0.02106218785047531,0.016488268971443176,0.036873746663331985,0.01083704736083746,0.13544835150241852,0.020236393436789513
9,1.0,,0.01283953059464693,0.021131224930286407,0.005961527582257986,0.008642145432531834,0.01260053925216198,0.016493096947669983,0.006250469479709864,0.14042772352695465,0.10471436381340027,0.03215978294610977,0.008072027005255222,0.020050492137670517,0.015311915427446365,0.03002955950796604,0.01774316281080246,0.05693424120545387,0.024171313270926476,0.01413427572697401,0.18244022130966187,0.015321389771997929,0.01698870025575161,0.31283730268478394,0.040968116372823715,0.007030515465885401,0.035860877484083176,0.026830345392227173,0.029780862852931023,0.0316946841776371,0.039409223943948746,0.017536960542201996,0.026889333501458168,0.03309481963515282,0.05983573570847511,0.014402375556528568,0.029950853437185287,0.002714532893151045,0.0062370384112000465,0.009160444140434265,0.0025675459764897823,0.016973910853266716,0.011808717623353004,0.031239448115229607,0.027624759823083878,0.00666406936943531,0.0551605187356472,0.02636663429439068,0.04033847525715828,0.09422525018453598,0.018107395619153976,0.020054355263710022
10,1.1,,0.007175436709076166,0.010159198194742203,0.037230778485536575,0.013657541945576668,0.053252238780260086,0.026017630472779274,0.017030488699674606,0.026974424719810486,0.02421671524643898,0.009042375721037388,0.04583531618118286,0.564073920249939,0.04628919064998627,0.030139392241835594,0.02781866490840912,0.01796777732670307,0.04359631612896919,0.011791382916271687,0.01567687653005123,0.027792885899543762,0.08921559154987335,0.04890110343694687,0.028109971433877945,0.004947903100401163,0.5246068239212036,0.05022687837481499,0.004021869972348213,0.07229925692081451,0.016813263297080994,0.04680147022008896,0.035125263035297394,0.034477438777685165,0.011980363167822361,0.007140269968658686,0.0554998479783535,0.40101271867752075,0.0657658651471138,0.07180628180503845,0.024012897163629532,0.11504276841878891,0.027353137731552124,0.07124032825231552,0.018707647919654846,0.012643560767173767,0.007937039248645306,0.06576744467020035,0.010129280388355255,0.007349525578320026,0.04018834978342056,0.00734472181648016
11,1.1999999,,0.0048946598544716835,0.014850631356239319,0.0013560375664383173,0.016933120787143707,0.5254495739936829,0.0681651160120964,0.011172655038535595,0.04704071953892708,0.014344778843224049,0.057423368096351624,0.001790143083781004,0.010173235088586807,0.017716871574521065,0.05598799139261246,0.002638134639710188,0.01988561823964119,0.038262978196144104,0.03079870343208313,0.06934097409248352,0.03086262382566929,0.004581684712320566,0.020666982978582382,0.019049735739827156,0.009670729748904705,0.025761699303984642,0.009937790222465992,0.03627496957778931,0.2443465292453766,0.01534733735024929,0.01729947328567505,0.023676084354519844,0.04969879612326622,0.011886406689882278,0.032743509858846664,0.015166310593485832,0.018647950142621994,0.04546719416975975,0.020622633397579193,0.01731044612824917,0.013645713217556477,0.060803987085819244,0.011078913696110249,0.06055784970521927,0.009238354861736298,0.04009247198700905,0.006356562953442335,0.16909736394882202,0.013185441493988037,0.046608150005340576,0.02096221037209034
12,1.3,,0.009039262309670448,0.047503553330898285,0.08820793032646179,0.020984960719943047,0.04320855438709259,0.009688664227724075,0.00742677878588438,0.34952303767204285,0.011609109118580818,0.04844927042722702,0.04776690527796745,0.013009675778448582,0.009536887519061565,0.0042876629158854485,0.0225269366055727,0.03978211060166359,0.014705321751534939,0.026369547471404076,0.020232513546943665,0.002867726841941476,0.025839267298579216,0.0031004564370959997,0.017990395426750183,0.0027646718081086874,0.026180526241660118,0.008047125302255154,0.02256665751338005,0.001666744239628315,0.03486334905028343,0.0159329641610384,0.015028602443635464,0.022219371050596237,0.015869881957769394,0.02555912919342518,0.0036062414292246103,0.0489361509680748,0.02320248633623123,0.018438071012496948,0.02582932449877262,0.01794370822608471,0.03925968334078789,0.011422296054661274,0.007516332436352968,0.016425615176558495,0.10904677957296371,0.003668800462037325,0.046923842281103134,0.01316453330218792,0.007575474213808775,0.006690649315714836
13,1.4,,0.08064649999141693,0.04055086150765419,0.011484301649034023,0.0937865674495697,0.015680521726608276,0.050345949828624725,0.015297687612473965,0.029203858226537704,0.0979711264371872,0.006268719676882029,0.09937207400798798,0.11676468700170517,0.04914919286966324,0.0023915295023471117,0.01815890707075596,0.014541283249855042,0.030589910224080086,0.03076927922666073,0.0018113204278051853,0.027470149099826813,0.02937457524240017,0.04723416641354561,0.02060025744140148,0.01173054613173008,0.011870471760630608,0.006790114101022482,0.03079773113131523,0.07877424359321594,0.005047803744673729,0.0388699509203434,0.028075003996491432,0.010311656631529331,0.01666010171175003,0.0059844255447387695,0.05054182559251785,0.00877796858549118,0.023716919124126434,0.03064620867371559,0.006186933256685734,0.033007536083459854,0.0173636507242918,0.02894791029393673,0.01917179301381111,0.008599434047937393,0.012099462561309338,0.02890440821647644,0.08459030091762543,0.009746355935931206,0.013420705683529377,0.011570858769118786
14,1.5,,0.008619170635938644,0.005875681526958942,0.0072768861427903175,0.030603894963860512,0.05180221050977707,0.016732772812247276,0.03177151456475258,0.024228140711784363,0.026198597624897957,0.005842041689902544,0.03080049157142639,0.016673244535923004,0.6136190295219421,0.016925642266869545,0.004578358959406614,0.04737268388271332,0.013529010117053986,0.005495840217918158,0.025274960324168205,0.022119207307696342,0.005753946024924517,0.0006183802615851164,0.006597305182367563,0.05152134597301483,0.04306623712182045,0.032963816076517105,0.11256085336208344,0.01835244707763195,0.020675700157880783,0.028115740045905113,0.026454312726855278,0.010582376271486282,0.08601530641317368,0.2443961352109909,0.048715990036726,0.01605491153895855,0.028007157146930695,0.008701390586793423,0.012158631347119808,0.018013717606663704,0.045777328312397,0.01867111586034298,0.012336640618741512,0.049548812210559845,0.010093594901263714,0.062007464468479156,0.010003942996263504,0.09935793280601501,0.030419353395700455,0.04412622004747391
15,1.6,,0.1301318258047104,0.0395214706659317,0.031685929745435715,0.028157128021121025,0.20173783600330353,0.8275023698806763,0.02079901285469532,0.01950106956064701,0.004645842127501965,0.0879858061671257,0.09192685037851334,0.012910827063024044,0.33707645535469055,0.011885769665241241,0.06650947779417038,0.009557338431477547,0.016863472759723663,0.02547552064061165,0.022989297285676003,0.04028072953224182,0.04536522924900055,0.014501700177788734,0.019761085510253906,0.00047332956455647945,0.10218285024166107,0.02618795447051525,0.05292299762368202,0.04547860473394394,0.038329657167196274,0.07101655751466751,0.01750919595360756,0.02515777200460434,0.0041178083047270775,0.015860876068472862,0.028755275532603264,0.03464126214385033,0.06134764850139618,0.026718992739915848,0.08019740879535675,0.02701440639793873,0.012552060186862946,0.014556270092725754,0.01069755107164383,0.019991803914308548,0.02325000986456871,0.034006163477897644,0.05700283125042915,0.0013298130361363292,0.030095331370830536,0.043789930641651154
16,1.7,,0.011329051107168198,0.010655385442078114,0.010403634048998356,0.05772494152188301,0.022064317017793655,0.02999703399837017,0.6261857151985168,0.006243692710995674,0.0072119031101465225,0.007923182100057602,0.015656882897019386,0.018760384991765022,0.02785588800907135,0.002134661190211773,0.03053981252014637,0.04364348202943802,0.13400527834892273,0.009958872571587563,0.5754011273384094,0.34280523657798767,0.015191152691841125,0.01152718160301447,0.03719416260719299,0.015735721215605736,0.032393597066402435,0.02545188181102276,0.009984076954424381,0.5039647817611694,0.08772408962249756,0.09084606170654297,0.012705043889582157,0.012498189695179462,0.03577159345149994,0.01645566150546074,0.11462314426898956,0.012874310836195946,0.08389127254486084,0.016255414113402367,0.021842684596776962,0.010051580145955086,0.3427051603794098,0.010878062807023525,0.026498576626181602,0.017207633703947067,0.039391689002513885,0.09152022749185562,0.019213590770959854,0.023360734805464745,0.031416069716215134,0.006135925650596619
17,1.8000001,,0.12017267197370529,0.03387678414583206,0.04076959937810898,0.12720271944999695,0.0262510497123003,0.047903601080179214,0.06056094914674759,0.02437267079949379,0.007313321810215712,0.010433553718030453,0.005366025026887655,0.020849240943789482,0.01250475738197565,0.09612459689378738,0.05090217664837837,0.021361159160733223,0.043439362198114395,0.08587565273046494,0.0060845036059618,0.034363724291324615,0.05891572684049606,0.0054199653677642345,0.005959794390946627,0.06239844113588333,0.06077703461050987,0.03293547034263611,0.09693755209445953,0.019642231985926628,0.020575573667883873,0.016620777547359467,0.0016097442712634802,0.043901409953832626,0.14458510279655457,0.01872837543487549,0.03202713280916214,0.022847600281238556,0.01899108663201332,0.016855183988809586,0.017652247101068497,0.018190478906035423,0.6148222088813782,0.017010632902383804,0.016763197258114815,0.01027552131563425,0.06264986842870712,0.06517153978347778,0.02701762318611145,0.06758824735879898,0.03716930374503136,0.04780634492635727
18,1.9000001,,0.199371799826622,0.029233356937766075,0.02044025808572769,0.01724449172616005,0.11510927230119705,0.010156948119401932,0.04865998774766922,0.016862662509083748,0.007085274904966354,0.03495413064956665,0.012142784893512726,0.008460836485028267,0.01912771910429001,0.02912158891558647,0.07200435549020767,0.012250319123268127,0.0401938296854496,0.01079784519970417,0.02455681562423706,0.021242132410407066,0.012314524501562119,0.018233032897114754,0.004538535140454769,0.05729896202683449,0.08112125098705292,0.10294946283102036,0.1543668806552887,0.04565712437033653,0.0013943711528554559,0.0578424297273159,0.04065956920385361,0.023511027917265892,0.019373929128050804,0.00935510452836752,0.03118886612355709,0.014029404148459435,0.00984198972582817,0.13980534672737122,0.11600500345230103,0.016832467168569565,0.005165271461009979,0.08658874779939651,0.006521393079310656,0.027278652414679527,0.04724768549203873,0.01585230976343155,0.060129694640636444,0.008925563655793667,0.7206692695617676,0.12739308178424835
19,2.0,,0.03414316847920418,0.21607069671154022,0.03650800511240959,0.01696235127747059,0.00703316880390048,0.036384668201208115,0.03564656153321266,0.12497364729642868,0.024628542363643646,0.10226477682590485,0.024709582328796387,0.057586122304201126,0.020491601899266243,0.019590701907873154,0.005522752180695534,0.044858235865831375,0.008352677337825298,0.20853447914123535,0.02800578437745571,0.03191288188099861,0.010097547434270382,0.2138279229402542,0.017141474410891533,0.02804870903491974,0.03422820568084717,0.28074049949645996,0.024833975359797478,0.030740803107619286,0.03243041783571243,0.008498425595462322,0.039179231971502304,0.3356674909591675,0.03262539952993393,0.013254163786768913,0.05173005536198616,0.03953014314174652,0.031531669199466705,0.3376725912094116,0.03304533660411835,0.10006127506494522,0.030529847368597984,0.03997048735618591,0.023519663140177727,0.27842846512794495,0.058541491627693176,0.003963270224630833,0.01841161772608757,0.014844653196632862,0.13198304176330566,0.05521610751748085
20,2.1000001,,0.02416704222559929,0.030261298641562462,0.008224129676818848,0.02731713466346264,0.0462183803319931,0.02175222896039486,0.04330265522003174,0.028890851885080338,0.058021191507577896,0.0838097631931305,0.024513963609933853,0.010389967821538448,0.02325831912457943,0.05859239771962166,0.051686856895685196,0.006040521431714296,0.04556754603981972,0.01869480311870575,0.009589174762368202,0.2218746840953827,0.0037241841200739145,0.038872428238391876,0.01609158143401146,0.09822992980480194,0.021775316447019577,0.08463896811008453,0.20131459832191467,0.03550388291478157,0.010279277339577675,0.23247386515140533,0.06397008150815964,0.0351550430059433,0.21486417949199677,0.014888135716319084,0.03887837380170822,0.05979759246110916,0.20384202897548676,0.16009953618049622,0.008744023740291595,0.01649431884288788,0.020408377051353455,0.007735515478998423,0.020822497084736824,0.007017150986939669,0.023128867149353027,0.5851967334747314,0.03169699385762215,0.022853318601846695,0.12739720940589905,0.013044516555964947
21,2.2,,0.03867701068520546,0.028037430718541145,0.05428648367524147,0.10759580880403519,0.026106243953108788,0.022954778745770454,0.056792352348566055,0.08280400931835175,0.04990960657596588,0.06194697320461273,0.03426729515194893,0.021795926615595818,0.09891127794981003,0.03274298831820488,0.008770996704697609,0.028866339474916458,0.011198215186595917,0.4023215174674988,0.007869377732276917,0.011784256435930729,0.026911217719316483,0.008079188875854015,0.017849795520305634,0.039953459054231644,0.09540093690156937,0.051026515662670135,0.30524981021881104,0.10842954367399216,0.027717096731066704,0.6489132046699524,0.01557024847716093,0.03362101688981056,0.537930965423584,0.17757010459899902,0.05047031491994858,0.022815436124801636,0.13811971247196198,0.051706042140722275,0.021326882764697075,0.03830423206090927,0.04965917766094208,0.3270038366317749,0.0696989968419075,0.026484135538339615,0.05294565483927727,0.041992682963609695,0.027735820040106773,0.5157119035720825,0.02183084562420845,0.013883734121918678
22,2.3,,0.0450742244720459,0.0260770283639431,0.029555002227425575,0.03327147290110588,0.13500019907951355,0.03812944516539574,0.09878800809383392,0.01715114712715149,0.04340348392724991,0.007177832070738077,0.6411589980125427,0.13801948726177216,0.03358065336942673,0.0016234770882874727,0.030494937673211098,0.01979892887175083,0.0993858352303505,0.027757372707128525,0.021271420642733574,0.21222807466983795,0.2189173400402069,0.3294302821159363,0.06787028908729553,0.027889683842658997,0.00930799636989832,0.022536860778927803,0.14562050998210907,0.16570661962032318,0.021777791902422905,0.014511598274111748,0.03709189593791962,0.020440295338630676,0.05161283165216446,0.04317565634846687,0.012886927463114262,0.062007252126932144,0.05462954565882683,0.708308756351471,0.011238458566367626,0.04842295125126839,0.021618112921714783,0.3921353816986084,0.313864529132843,0.015830418094992638,0.05615861713886261,0.15883015096187592,0.027399597689509392,0.005086463876068592,0.014132660813629627,0.42310184240341187
23,2.4,,0.0064974091947078705,0.0453583225607872,0.47090667486190796,0.11214348673820496,0.06964744627475739,0.017732929438352585,0.015278313308954239,0.04272818565368652,0.08850109577178955,0.08959535509347916,0.022940078750252724,0.04791828989982605,0.022506989538669586,0.012402128428220749,0.01892286352813244,0.01632031239569187,0.023205576464533806,0.4103439748287201,0.011149021796882153,0.7491700053215027,0.027677001431584358,0.049416687339544296,0.2543928027153015,0.06278228759765625,0.5456424355506897,0.021686451509594917,0.6407611966133118,0.006062750238925219,0.230168879032135,0.029591558501124382,0.10603377223014832,0.011408412829041481,0.044072989374399185,0.03983577340841293,0.30090057849884033,0.5062389969825745,0.04012897238135338,0.019747430458664894,0.13610127568244934,0.02481783926486969,0.03656720742583275,0.044432319700717926,0.029382215812802315,0.02411643974483013,0.26604294776916504,0.08674488961696625,0.2248179018497467,0.13130445778369904,0.010085324756801128,0.08607793599367142
24,2.5,,0.18256080150604248,0.049963802099227905,0.041470859199762344,0.029993334785103798,0.23101210594177246,0.13713988661766052,0.07779130339622498,0.30391040444374084,0.022908521816134453,0.05545227974653244,0.03249328210949898,0.07825154811143875,0.03368985280394554,0.005690246820449829,0.06141003966331482,0.26311826705932617,0.021189430728554726,0.016552070155739784,0.0034443605691194534,0.10147778689861298,0.03036566823720932,0.049593083560466766,0.02123442105948925,0.6547096371650696,0.0056457542814314365,0.023462017998099327,0.013183437287807465,0.02992285043001175,0.09946754574775696,0.043555621057748795,0.4219343960285187,0.006086531560868025,0.06825262308120728,0.10775808990001678,0.03905068710446358,0.10140332579612732,0.11474408954381943,0.0018861470744013786,0.5562031269073486,0.0395558699965477,0.032489798963069916,0.011982420459389687,0.040572389960289,0.062261711806058884,0.6317270994186401,0.023980554193258286,0.03492262214422226,0.04612351208925247,0.10245294123888016,0.012210856191813946
25,2.6,,0.0979081466794014,0.02500414103269577,0.031936634331941605,0.07389458268880844,0.01092552114278078,0.03589918091893196,0.21281534433364868,0.06180085614323616,0.029095107689499855,0.01905692182481289,0.04980683699250221,0.023327011615037918,0.0038748877122998238,0.4976218044757843,0.20611275732517242,0.08880192786455154,0.03113827481865883,0.10440743714570999,0.020600609481334686,0.0058751036413013935,0.03217124193906784,0.3102445602416992,0.017489604651927948,0.19397740066051483,0.10100678354501724,0.0379582978785038,0.07124923914670944,0.018410399556159973,0.040068160742521286,0.08035960048437119,0.012906263582408428,0.3470178544521332,0.5100839734077454,0.015199350193142891,0.044457320123910904,0.06435947120189667,0.13172683119773865,0.054611895233392715,0.043446168303489685,0.011997805908322334,0.09424721449613571,0.038703471422195435,0.09616819024085999,0.09375391155481339,0.06563039124011993,0.2745472490787506,0.048895325511693954,0.1288551241159439,0.11614365875720978,0.040595319122076035
26,2.7,,0.15126948058605194,0.08403962850570679,0.16760560870170593,0.1221533790230751,0.06887073814868927,0.2825961112976074,0.010073754005134106,0.1832682192325592,0.007798849605023861,0.0986662432551384,0.018424829468131065,0.01089748926460743,0.02812548540532589,0.52984619140625,0.02297000028192997,0.06671959161758423,0.03691380098462105,0.15382640063762665,0.08682237565517426,0.0064590186811983585,0.0070027573965489864,0.06280428171157837,0.6372709274291992,0.023707315325737,0.14052002131938934,0.06861846894025803,0.1591084748506546,0.09656215459108353,0.5898817181587219,0.1029660701751709,0.06986089050769806,0.2799088954925537,0.045830707997083664,0.340941458940506,0.05261019617319107,0.03706318140029907,0.04414093866944313,0.179749995470047,0.14010107517242432,0.07009666413068771,0.05301757529377937,0.03742574527859688,0.33088192343711853,0.3766075670719147,0.03817271441221237,0.026799282059073448,0.8112136721611023,0.040628477931022644,0.4017312228679657,0.5256187319755554
27,2.8,,0.06786071509122849,0.714928150177002,0.25990572571754456,0.028798256069421768,0.006789261009544134,0.5436031818389893,0.04455210268497467,0.012977316975593567,0.15784022212028503,0.14800187945365906,0.06985360383987427,0.14015911519527435,0.039904702454805374,0.05657833069562912,0.04622672125697136,0.2458549439907074,0.007342157885432243,0.2775268852710724,0.3792794346809387,0.1268513947725296,0.0273105688393116,0.03354184702038765,0.7089889645576477,0.2942085266113281,0.20436787605285645,0.1331786960363388,0.023173565044999123,0.7219977974891663,0.030336206778883934,0.5808687806129456,0.10616203397512436,0.1623755246400833,0.016040518879890442,0.05176004022359848,0.03150814771652222,0.16914866864681244,0.061887044459581375,0.0566171258687973,0.008690918795764446,0.014302163384854794,0.4815141260623932,0.010073252953588963,0.41042688488960266,0.1803828477859497,0.01469615288078785,0.01248171366751194,0.12405019253492355,0.012911353260278702,0.6720814108848572,0.02663288451731205
28,2.9,,0.6668769717216492,0.21083050966262817,0.005319747142493725,0.24128109216690063,0.4676135182380676,0.4329085350036621,0.045709237456321716,0.054974038153886795,0.49907025694847107,0.029723796993494034,0.07836414128541946,0.5973811745643616,0.24839170277118683,0.5795666575431824,0.08215644210577011,0.04961453378200531,0.03462047129869461,0.47446247935295105,0.019797038286924362,0.0033253163564950228,0.6267812252044678,0.040644384920597076,0.04855603724718094,0.7484824657440186,0.10211389511823654,0.2341340035200119,0.4136900007724762,0.3048247694969177,0.24497316777706146,0.18169444799423218,0.13094381988048553,0.023311803117394447,0.01423993892967701,0.00936152134090662,0.07385628670454025,0.47338512539863586,0.16770458221435547,0.08309434354305267,0.04097043350338936,0.043408412486314774,0.003628828562796116,0.022981995716691017,0.03987991809844971,0.6031395792961121,0.033018190413713455,0.027929481118917465,0.06611394137144089,0.02586294151842594,0.08568723499774933,0.44622325897216797
29,3.0,,0.11186021566390991,0.07123439013957977,0.5659124851226807,0.16010026633739471,0.35595545172691345,0.6962781548500061,0.7631294131278992,0.016405804082751274,0.3201655447483063,0.14054162800312042,0.08777067065238953,0.049955032765865326,0.08092009276151657,0.1444401890039444,0.2453785538673401,0.05641287937760353,0.032908596098423004,0.6419572830200195,0.04678255692124367,0.03288353979587555,0.02412589080631733,0.5711520910263062,0.0013044688384979963,0.049205366522073746,0.024357112124562263,0.0573560893535614,0.26007771492004395,0.15464147925376892,0.24207803606987,0.6912578344345093,0.5900976657867432,0.018469715490937233,0.1482393592596054,0.6905145049095154,0.09949010610580444,0.13573993742465973,0.41522079706192017,0.0894010066986084,0.030996346846222878,0.0363655649125576,0.4972311556339264,0.21858252584934235,0.0674964189529419,0.13116054236888885,0.0710136815905571,0.02539478801190853,0.1553022414445877,0.7634844183921814,0.007619422394782305,0.002741985721513629
30,3.1,,0.16118817031383514,0.1034204438328743,0.5255649089813232,0.3093548119068146,0.23232030868530273,0.46427300572395325,0.09624835103750229,0.6060572862625122,0.4646473228931427,0.10375802218914032,0.02699117362499237,0.05462650582194328,0.5976102352142334,0.07673477381467819,0.04027806222438812,0.04913492128252983,0.008045240305364132,0.019903266802430153,0.41575491428375244,0.06749777495861053,0.011754619888961315,0.5515062808990479,0.013962057419121265,0.042408909648656845,0.05250635743141174,0.5041740536689758,0.023985009640455246,0.5579301714897156,0.28380125761032104,0.6267099380493164,0.27492210268974304,0.6134224534034729,0.05332726985216141,0.5394593477249146,0.5779449939727783,0.12026762217283249,0.031705208122730255,0.20993179082870483,0.036401841789484024,0.09222716838121414,0.7596468925476074,0.15926533937454224,0.09392068535089493,0.05531303957104683,0.025834104046225548,0.5877412557601929,0.022509533911943436,0.4171110987663269,0.0005690079997293651,0.024244925007224083
31,3.2,,0.0737229511141777,0.5158652067184448,0.257171630859375,0.014015153981745243,0.1579882800579071,0.6788222789764404,0.7535790801048279,0.09054803103208542,0.7766684293746948,0.6150733232498169,0.14606279134750366,0.6175909042358398,0.06627243757247925,0.6184628009796143,0.7380204200744629,0.6302535533905029,0.8208449482917786,0.8942975401878357,0.8183057308197021,0.7504814267158508,0.8384460210800171,0.46504390239715576,0.300322026014328,0.05467155575752258,0.15859471261501312,0.6994425654411316,0.7503671050071716,0.08399081230163574,0.025135919451713562,0.641308605670929,0.019963709637522697,0.7105275392532349,0.5569608211517334,0.02088833414018154,0.6651905179023743,0.04268333688378334,0.15220117568969727,0.6913436055183411,0.411821573972702,0.046867504715919495,0.09994616359472275,0.0207536518573761,0.6787228584289551,0.08620855957269669,0.6788603663444519,0.08756332844495773,0.06307672709226608,0.44537627696990967,0.019850457087159157,0.05272802710533142
32,3.3,,0.3473505973815918,0.7389944195747375,0.010529294610023499,0.49767258763313293,0.8558165431022644,0.1553831696510315,0.7126316428184509,0.029465075582265854,0.09128917008638382,0.0036706014070659876,0.49093207716941833,0.25203415751457214,0.04374151676893234,0.32639721035957336,0.5797339677810669,0.1284487098455429,0.8459791541099548,0.4682673513889313,0.762794554233551,0.03325127437710762,0.6359283328056335,0.6203683614730835,0.6136046648025513,0.698877215385437,0.08971798419952393,0.09787283092737198,0.038266975432634354,0.6494373083114624,0.3669281005859375,0.3785724937915802,0.15751448273658752,0.6207211017608643,0.8046573400497437,0.7036185264587402,0.40351182222366333,0.18979059159755707,0.5172162652015686,0.04894391447305679,0.6056374907493591,0.059012360870838165,0.46751272678375244,0.06148405000567436,0.009203591383993626,0.023240284994244576,0.622886598110199,0.741809606552124,0.22064778208732605,0.010946391150355339,0.6436318159103394,0.14499680697917938
33,3.3999999,,0.6463583111763,0.782407820224762,0.6859505772590637,0.09404934197664261,0.2041369527578354,0.17926041781902313,0.6824986338615417,0.5742595791816711,0.6543530225753784,0.7660706043243408,0.04257319122552872,0.2605424225330353,0.011970944702625275,0.014565151184797287,0.8326060771942139,0.03469544276595116,0.03032405488193035,0.7687649130821228,0.7183108925819397,0.018615612760186195,0.6964146494865417,0.8076465725898743,0.024312825873494148,0.1444576382637024,0.04327090457081795,0.028772493824362755,0.1453665792942047,0.7384923696517944,0.0012041361769661307,0.60252845287323,0.046926192939281464,0.42243677377700806,0.4737371802330017,0.018762769177556038,0.7609678506851196,0.6878484487533569,0.7572721242904663,0.7360434532165527,0.16626977920532227,0.03487392142415047,0.18015937507152557,0.0710209459066391,0.6935727000236511,0.897992730140686,0.015612734481692314,0.7025284171104431,0.8635397553443909,0.7597670555114746,0.5411564111709595,0.018369954079389572
34,3.5,,0.8419922590255737,0.027945607900619507,0.06534606218338013,0.046208322048187256,0.7025991082191467,0.27931076288223267,0.7871323823928833,0.8111866116523743,0.1891978234052658,0.009438994340598583,0.7717114686965942,0.864260733127594,0.676421582698822,0.035669442266225815,0.5805047154426575,0.048237551003694534,0.02763877622783184,0.8685337901115417,0.7018771767616272,0.0641593486070633,0.7447810173034668,0.8018797636032104,0.8893554210662842,0.7656739950180054,0.44040217995643616,0.057201217859983444,0.066386878490448,0.13089969754219055,0.18926121294498444,0.6898195147514343,0.2750288248062134,0.6861560344696045,0.6615674495697021,0.04316158965229988,0.5954718589782715,0.7501768469810486,0.039492618292570114,0.042868610471487045,0.020658273249864578,0.31263893842697144,0.7957412004470825,0.7702250480651855,0.12824228405952454,0.7417103052139282,0.45759129524230957,0.016312144696712494,0.6720519065856934,0.16149424016475677,0.8803877234458923,0.06228257715702057
35,3.6,,0.7617624998092651,0.007237277925014496,0.8413504362106323,0.830193042755127,0.14435754716396332,0.8008713126182556,0.7398148775100708,0.6770911812782288,0.8060361742973328,0.007234868593513966,0.7821946740150452,0.7737385034561157,0.8005955219268799,0.41329753398895264,0.6572539806365967,0.8225283622741699,0.8115736842155457,0.052255332469940186,0.6447628736495972,0.057174570858478546,0.1232672855257988,0.5959744453430176,0.7582318782806396,0.7286177277565002,0.7718467116355896,0.7568958401679993,0.09841465204954147,0.02986023761332035,0.4634852111339569,0.694425106048584,0.06785278767347336,0.23222622275352478,0.7468534708023071,0.7174281477928162,0.29330116510391235,0.008068063296377659,0.7576501369476318,0.7915288805961609,0.034253425896167755,0.027535008266568184,0.7102846503257751,0.03557724505662918,0.012830285355448723,0.7985292077064514,0.15795867145061493,0.009216265752911568,0.8212903141975403,0.773501992225647,0.856123685836792,0.0810500755906105
36,3.7,,0.4421128034591675,0.7915811538696289,0.7245544195175171,0.6748058199882507,0.6888382434844971,0.7277461290359497,0.01968473754823208,0.9075798988342285,0.7636618614196777,0.7190642356872559,0.039980415254831314,0.08173369616270065,0.7923882603645325,0.024780917912721634,0.019864587113261223,0.8416633605957031,0.1428138166666031,0.7462536096572876,0.7970272302627563,0.889736533164978,0.8095730543136597,0.2697755694389343,0.7338282465934753,0.5418566465377808,0.7623327374458313,0.7716999053955078,0.7335042953491211,0.0981229767203331,0.8102971911430359,0.7628182768821716,0.8091930150985718,0.002906456822529435,0.5078832507133484,0.7746161222457886,0.18588364124298096,0.6415044069290161,0.035878509283065796,0.6188088059425354,0.8357483148574829,0.00954955630004406,0.6505053639411926,0.6531073451042175,0.05230822041630745,0.615828812122345,0.6199210286140442,0.0358455516397953,0.4934966564178467,0.10488318651914597,0.8853486776351929,0.7296947836875916
37,3.8,,0.7378207445144653,0.7953492999076843,0.7960891127586365,0.7639243006706238,0.7273209095001221,0.7920827269554138,0.9047271609306335,0.7521983981132507,0.6700674891471863,0.8324423432350159,0.10975509136915207,0.891077995300293,0.7920481562614441,0.7519797086715698,0.7967130541801453,0.7923016548156738,0.8481286764144897,0.8318397998809814,0.06201787292957306,0.7744413614273071,0.07160325348377228,0.15995542705059052,0.7920842170715332,0.8051155209541321,0.5282591581344604,0.7586737871170044,0.7341229319572449,0.16412845253944397,0.790793240070343,0.8402442336082458,0.8711984753608704,0.7596922516822815,0.6336697340011597,0.14444659650325775,0.8157108426094055,0.20891708135604858,0.8097681999206543,0.7303992509841919,0.8334999084472656,0.7192843556404114,0.8042227625846863,0.9325352907180786,0.32649970054626465,0.6853998899459839,0.8153380155563354,0.7835567593574524,0.016725687310099602,0.7417961955070496,0.7588793039321899,0.7844889163970947
38,3.8999999,,0.8403969407081604,0.7781049013137817,0.13777466118335724,0.7222705483436584,0.81377112865448,0.9117301106452942,0.2998344302177429,0.6236427426338196,0.10540121048688889,0.025857463479042053,0.7873471975326538,0.8349394202232361,0.8439258337020874,0.029776712879538536,0.6191668510437012,0.8934130668640137,0.6575429439544678,0.8077654242515564,0.8188119530677795,0.7347975373268127,0.8445864319801331,0.0013624461134895682,0.7830472588539124,0.8991907835006714,0.7758811712265015,0.7850079536437988,0.8474071621894836,0.739948570728302,0.05713868513703346,0.19311776757240295,0.503023087978363,0.7704014778137207,0.7976411581039429,0.9179921746253967,0.7934600114822388,0.1280554085969925,0.7520661950111389,0.7952044606208801,0.7310863733291626,0.6717738509178162,0.9156509637832642,0.8326413631439209,0.02018747292459011,0.5805230736732483,0.004957528784871101,0.794946551322937,0.7563961148262024,0.912683367729187,0.66290682554245,0.6609078645706177
39,4.0,,0.8557066321372986,0.7425737977027893,0.8029510378837585,0.7409438490867615,0.06624839454889297,0.8240187764167786,0.7195844054222107,0.05878499150276184,0.7060091495513916,0.7664211988449097,0.15274742245674133,0.886306643486023,0.8548071980476379,0.7744252681732178,0.03795532137155533,0.8765227794647217,0.7859144806861877,0.04783148691058159,0.7646448612213135,0.8273149728775024,0.3641834855079651,0.8930367827415466,0.7971962094306946,0.772010862827301,0.7978808879852295,0.8249521851539612,0.7365784049034119,0.8554384708404541,0.863035261631012,0.8536038994789124,0.9276694655418396,0.006784067489206791,0.7929618954658508,0.8111844658851624,0.10035338252782822,0.9193325042724609,0.7208428382873535,0.8016144037246704,0.8587873578071594,0.7694534063339233,0.7628440856933594,0.8724440336227417,0.7707577347755432,0.8273724317550659,0.8156902194023132,0.4734129011631012,0.12970778346061707,0.8227623701095581,0.8465710878372192,0.6851003170013428
40,4.1,,0.8188731670379639,0.46643877029418945,0.8034166693687439,0.5603886842727661,0.19687284529209137,0.8858647346496582,0.01331309787929058,0.8349862694740295,0.8525489568710327,0.470035195350647,0.8618277311325073,0.3500593304634094,0.23175039887428284,0.7621846199035645,0.857620894908905,0.5189412832260132,0.16714178025722504,0.8160682916641235,0.795006275177002,0.7938186526298523,0.8924746513366699,0.01944492943584919,0.8142570853233337,0.8879535794258118,0.8717398047447205,0.8576428294181824,0.7771978974342346,0.8068172335624695,0.799683690071106,0.6925387978553772,0.8632405996322632,0.869085431098938,0.9201815128326416,0.8662097454071045,0.7556772232055664,0.753292441368103,0.016229411587119102,0.24535705149173737,0.8049237728118896,0.7951995730400085,0.8319569826126099,0.9049071669578552,0.01124111469835043,0.103659488260746,0.8209517598152161,0.7460229992866516,0.20088471472263336,0.8832660913467407,0.040219422429800034,0.8273515701293945
41,4.2,,0.8211455941200256,0.8367680311203003,0.12954147160053253,0.7764461636543274,0.8765982985496521,0.03936308994889259,0.7978599071502686,0.8539760708808899,0.7805719971656799,0.7194120287895203,0.8662421107292175,0.801280677318573,0.07128109037876129,0.5881709456443787,0.8523519039154053,0.2299106866121292,0.793896496295929,0.051545705646276474,0.2651675045490265,0.8340321183204651,0.8335127234458923,0.842698335647583,0.8183915019035339,0.8184415698051453,0.3637392222881317,0.7821916341781616,0.2115129679441452,0.8049866557121277,0.6365543007850647,0.869033694267273,0.15417328476905823,0.8418902158737183,0.8323974013328552,0.7975122332572937,0.8273501396179199,0.79753178358078,0.8485805988311768,0.7891377806663513,0.8328260183334351,0.8572689890861511,0.8082590103149414,0.7948077917098999,0.777858555316925,0.8295812606811523,0.7800050377845764,0.8763306140899658,0.7757449746131897,0.8637170791625977,0.8623289465904236,0.790409505367279
42,4.2999997,,0.17646242678165436,0.7969813346862793,0.8469395637512207,0.8310241103172302,0.08743558079004288,0.07731826603412628,0.8623921275138855,0.771596372127533,0.9079129099845886,0.8091015815734863,0.11967942118644714,0.8349094390869141,0.8241236805915833,0.06811273843050003,0.7858712077140808,0.8471570014953613,0.7959077954292297,0.9028298258781433,0.8349348902702332,0.7585675120353699,0.9152325391769409,0.060878053307533264,0.907069206237793,0.8717448711395264,0.837909460067749,0.831806480884552,0.898652195930481,0.010087928734719753,0.8858873248100281,0.8866037726402283,0.8800082206726074,0.7923393249511719,0.918580174446106,0.8239941000938416,0.9292300343513489,0.8087261915206909,0.8802754282951355,0.5336672067642212,0.7822781205177307,0.8894034624099731,0.8288564085960388,0.8565756678581238,0.8541518449783325,0.8901657462120056,0.8617443442344666,0.04100552573800087,0.7710935473442078,0.758947491645813,0.8472371697425842,0.8570913076400757
43,4.4,,0.8970562815666199,0.8408887386322021,0.8636280298233032,0.8948311805725098,0.8519872426986694,0.8749122619628906,0.8467334508895874,0.848285973072052,0.8908286690711975,0.9110549092292786,0.8217278122901917,0.8935530185699463,0.8708308935165405,0.18868796527385712,0.8245923519134521,0.8524511456489563,0.8830273747444153,0.8173377513885498,0.7805976271629333,0.8236954212188721,0.8657047748565674,0.8682531714439392,0.8800037503242493,0.8011642098426819,0.8384512662887573,0.15107309818267822,0.7939786911010742,0.8377008438110352,0.13810765743255615,0.8245073556900024,0.8863621950149536,0.8745049238204956,0.8296446800231934,0.8715726733207703,0.8668566346168518,0.7773181796073914,0.86115562915802,0.8726091384887695,0.8420248031616211,0.8533986210823059,0.8657187819480896,0.82817542552948,0.8960603475570679,0.14151524007320404,0.19654788076877594,0.8393366932868958,0.8377685546875,0.8247061371803284,0.8546966910362244,0.8165697455406189
44,4.5,,0.8282312154769897,0.9139657616615295,0.691284716129303,0.030804021283984184,0.8557495474815369,0.8418521285057068,0.8324741721153259,0.8110151886940002,0.8983426094055176,0.8573612570762634,0.8912681341171265,0.8108199238777161,0.8748753070831299,0.8075346946716309,0.026857856661081314,0.035410359501838684,0.9253644347190857,0.9176058769226074,0.7797216773033142,0.8653445243835449,0.8377216458320618,0.8160180449485779,0.8340693116188049,0.8529990315437317,0.8456351161003113,0.9254100322723389,0.866856575012207,0.8248553276062012,0.860819399356842,0.8237362504005432,0.8758386373519897,0.8623898029327393,0.8054282069206238,0.04176874831318855,0.8372194170951843,0.8219494819641113,0.9139378070831299,0.8618187308311462,0.7856069803237915,0.8525664210319519,0.8087934851646423,0.8239042162895203,0.8530507683753967,0.8055189251899719,0.2118615061044693,0.8588345646858215,0.8140571713447571,0.8400415778160095,0.8436310291290283,0.07881352305412292
45,4.6,,0.8300266861915588,0.843793511390686,0.32750532031059265,0.9104964137077332,0.9195556044578552,0.8496279716491699,0.8235349655151367,0.8384802341461182,0.8582993745803833,0.8471342921257019,0.838705837726593,0.8567203283309937,0.7821750640869141,0.8806414604187012,0.8654434680938721,0.8367170691490173,0.8651018738746643,0.057435132563114166,0.93357914686203,0.8769092559814453,0.8700944781303406,0.8667364716529846,0.8534189462661743,0.6496999263763428,0.8520656228065491,0.8358560800552368,0.4377730190753937,0.8688831329345703,0.9003318548202515,0.842894971370697,0.9212947487831116,0.8699707388877869,0.8884649872779846,0.8210625648498535,0.8471140265464783,0.8589839339256287,0.8946921825408936,0.8854857087135315,0.9199776649475098,0.8732689023017883,0.936858057975769,0.9074280261993408,0.844122052192688,0.8510998487472534,0.884643018245697,0.8513592481613159,0.024762772023677826,0.8882026076316833,0.8674305081367493,0.8513457179069519
46,4.7,,0.9056887030601501,0.9087644219398499,0.8648998141288757,0.8593699932098389,0.9044901728630066,0.8193305134773254,0.037767961621284485,0.8950585722923279,0.8762273788452148,0.8331812620162964,0.8364518880844116,0.8869338631629944,0.9189983010292053,0.09143999963998795,0.8498464822769165,0.8745701909065247,0.8909302949905396,0.823281466960907,0.8966114521026611,0.9255672693252563,0.8895866870880127,0.3491787016391754,0.8635280728340149,0.8863944411277771,0.8773161172866821,0.8617092967033386,0.8738078474998474,0.8804238438606262,0.807091474533081,0.8883218169212341,0.27367889881134033,0.8887362480163574,0.8745147585868835,0.8948886394500732,0.848421037197113,0.9217767119407654,0.8555952906608582,0.9245020747184753,0.8504379391670227,0.8710716366767883,0.8755594491958618,0.8919080495834351,0.9039170145988464,0.8904463052749634,0.9228981733322144,0.8383021950721741,0.8547661900520325,0.8520029187202454,0.8980072736740112,0.9333701729774475
47,4.7999997,,0.8476071357727051,0.860077440738678,0.8773711919784546,0.04509306326508522,0.8129618167877197,0.86268150806427,0.9104282259941101,0.884791374206543,0.8482012748718262,0.8629249930381775,0.8810572028160095,0.8896743655204773,0.804125964641571,0.8819044828414917,0.08573833853006363,0.7809868454933167,0.8783338665962219,0.8231641054153442,0.89324551820755,0.9089353084564209,0.9230645895004272,0.8697855472564697,0.8106010556221008,0.8777124881744385,0.8759880065917969,0.9374465942382812,0.9093196988105774,0.8273504972457886,0.87157142162323,0.8396700024604797,0.3204689621925354,0.9083576202392578,0.8537183403968811,0.05353822931647301,0.9121044278144836,0.8916364908218384,0.8585395216941833,0.8521521091461182,0.8597580790519714,0.8230087757110596,0.8710617423057556,0.01511223241686821,0.8875284194946289,0.8679112792015076,0.9116652607917786,0.8897793292999268,0.9308860898017883,0.8344012498855591,0.9148079752922058,0.8237028121948242
48,4.9,,0.8722763657569885,0.8758233189582825,0.867405354976654,0.8285248279571533,0.8354417681694031,0.8736240863800049,0.8705930709838867,0.8436136245727539,0.9255806803703308,0.8812724351882935,0.8268685936927795,0.843734622001648,0.8923441171646118,0.8589393496513367,0.8322271704673767,0.9210971593856812,0.900205135345459,0.9286223649978638,0.8690120577812195,0.8390639424324036,0.8630292415618896,0.8764145374298096,0.8809412717819214,0.8287498950958252,0.8944262862205505,0.877277672290802,0.8382133841514587,0.9073731303215027,0.8995979428291321,0.855146050453186,0.9249294400215149,0.8889368176460266,0.8938544988632202,0.8654347658157349,0.8824630379676819,0.05502528324723244,0.9258187413215637,0.8971046209335327,0.9200901389122009,0.8743090629577637,0.9349274039268494,0.8979541063308716,0.8954494595527649,0.8944912552833557,0.8706871867179871,0.9115068912506104,0.8781899213790894,0.8743573427200317,0.8540023565292358,0.887369692325592
49,5.0,,0.8813796639442444,0.8582438230514526,0.8279443979263306,0.8673065900802612,0.8311850428581238,0.8491538166999817,0.847136914730072,0.9119836091995239,0.8761836290359497,0.8547970652580261,0.8772733807563782,0.8998078107833862,0.9445124268531799,0.9003440141677856,0.8795806169509888,0.9026580452919006,0.921647310256958,0.8996815085411072,0.8154719471931458,0.8828352093696594,0.8790952563285828,0.18348494172096252,0.8316620588302612,0.9341301321983337,0.8713735938072205,0.8315733671188354,0.8678099513053894,0.9124370813369751,0.8290588855743408,0.8818279504776001,0.9027582406997681,0.8551906943321228,0.9262925982475281,0.9264571070671082,0.8851853609085083,0.8875733613967896,0.8952509164810181,0.8749710917472839,0.8684251308441162,0.9266596436500549,0.861757218837738,0.8639683127403259,0.8257472515106201,0.9043251872062683,0.8633334636688232,0.8854914307594299,0.9077067375183105,0.8892127275466919,0.912736177444458,0.8852953314781189
