,oversampling_ratio,step_size,repeat0,repeat1,repeat2,repeat3,repeat4,repeat5,repeat6,repeat7,repeat8,repeat9,repeat10,repeat11,repeat12,repeat13,repeat14,repeat15,repeat16,repeat17,repeat18,repeat19,repeat20,repeat21,repeat22,repeat23,repeat24,repeat25,repeat26,repeat27,repeat28,repeat29,repeat30,repeat31,repeat32,repeat33,repeat34,repeat35,repeat36,repeat37,repeat38,repeat39,repeat40,repeat41,repeat42,repeat43,repeat44,repeat45,repeat46,repeat47,repeat48,repeat49,repeat50,repeat51,repeat52,repeat53,repeat54,repeat55,repeat56,repeat57,repeat58,repeat59,repeat60,repeat61,repeat62,repeat63,repeat64,repeat65,repeat66,repeat67,repeat68,repeat69,repeat70,repeat71,repeat72,repeat73,repeat74,repeat75,repeat76,repeat77,repeat78,repeat79,repeat80,repeat81,repeat82,repeat83,repeat84,repeat85,repeat86,repeat87,repeat88,repeat89,repeat90,repeat91,repeat92,repeat93,repeat94,repeat95,repeat96,repeat97,repeat98,repeat99
0,2.0284665,tensor(0.0061),0.1258196234703064,0.12732799351215363,0.10744671523571014,0.2234085500240326,0.17115743458271027,0.11480637639760971,0.15087896585464478,0.15779291093349457,0.12449721246957779,0.1376170516014099,0.19097386300563812,0.1379469484090805,0.06376989930868149,0.09801856428384781,0.1414172649383545,0.12479623407125473,0.1765306293964386,0.07793530821800232,0.11039125919342041,0.13639986515045166,0.19852286577224731,0.25163277983665466,0.0778161957859993,0.17303112149238586,0.05317842215299606,0.10091646760702133,0.2253321260213852,0.06680356711149216,0.08046657592058182,0.16231213510036469,0.1140935942530632,0.020162858068943024,0.18463648855686188,0.15915177762508392,0.10142862051725388,0.2222893238067627,0.19974419474601746,0.11209414899349213,0.20483437180519104,0.165426105260849,0.14188385009765625,0.10046811401844025,0.1567777842283249,0.11554864048957825,0.11027627438306808,0.27640390396118164,0.038738880306482315,0.19371643662452698,0.1997389793395996,0.1067047193646431,0.21594205498695374,0.14114698767662048,0.17909422516822815,0.03876939043402672,0.09330204874277115,0.1778034269809723,0.22919222712516785,0.24830201268196106,0.1473606377840042,0.2037312239408493,0.020303890109062195,0.20559360086917877,0.05960986018180847,0.17891088128089905,0.1146092340350151,0.24148377776145935,0.26874247193336487,0.18560919165611267,0.17753390967845917,0.044278256595134735,0.23954404890537262,0.16013312339782715,0.17599298059940338,0.19808639585971832,0.1599898785352707,0.11179182678461075,0.14899881184101105,0.06672140955924988,0.1498185694217682,0.2330348938703537,0.047409698367118835,0.14013580977916718,0.07028097659349442,0.17416855692863464,0.24058768153190613,0.17819908261299133,0.04971249774098396,0.10905859619379044,0.17291250824928284,0.2297632396221161,0.2699672281742096,0.2297953963279724,0.1464158594608307,0.20787429809570312,0.07370463013648987,0.24455054104328156,0.11805641651153564,0.08711113780736923,0.14099599421024323,0.14971934258937836
1,2.0864198,tensor(0.0063),0.29465222358703613,0.19367609918117523,0.18660159409046173,0.31271225214004517,0.20687039196491241,0.20876166224479675,0.24716810882091522,0.10379403829574585,0.16549170017242432,0.19853338599205017,0.0953264981508255,0.1613796055316925,0.22239956259727478,0.2453882247209549,0.29642200469970703,0.04351935535669327,0.16062863171100616,0.23293957114219666,0.2507510185241699,0.12211022526025772,0.2142537534236908,0.22654449939727783,0.20192545652389526,0.1738152801990509,0.23217715322971344,0.25193870067596436,0.20944908261299133,0.30273252725601196,0.1195274293422699,0.2481587827205658,0.28686946630477905,0.14278574287891388,0.2044019252061844,0.2356356978416443,0.238821879029274,0.289120078086853,0.18430235981941223,0.26931387186050415,0.2492949515581131,0.16692420840263367,0.23331274092197418,0.29134029150009155,0.1930539757013321,0.19810974597930908,0.2727779150009155,0.2230035960674286,0.27865228056907654,0.28674620389938354,0.1660280078649521,0.21549111604690552,0.23964162170886993,0.24217882752418518,0.13015863299369812,0.11316769570112228,0.2407548427581787,0.1804015189409256,0.036819133907556534,0.259581983089447,0.21286413073539734,0.19511368870735168,0.3317968249320984,0.24201512336730957,0.25969040393829346,0.1365485042333603,0.3154279291629791,0.2951410710811615,0.049853477627038956,0.15944263339042664,0.29037952423095703,0.3275732398033142,0.2755366861820221,0.07909733802080154,0.09978106617927551,0.10187959671020508,0.25937995314598083,0.20351015031337738,0.14593477547168732,0.2105356901884079,0.2540184259414673,0.28892678022384644,0.2393113523721695,0.15316607058048248,0.22143135964870453,0.24880707263946533,0.23347385227680206,0.1906501054763794,0.15287505090236664,0.1171124055981636,0.2768338620662689,0.21811702847480774,0.20438390970230103,0.08736564964056015,0.23950523138046265,0.11684826016426086,0.28299668431282043,0.10105101764202118,0.21546724438667297,0.26324954628944397,0.19933663308620453,0.25245222449302673
2,2.1451893,tensor(0.0064),0.1795019954442978,0.1293720155954361,0.21133701503276825,0.3571438193321228,0.23541782796382904,0.20626796782016754,0.26210224628448486,0.27034151554107666,0.2996455729007721,0.2920723259449005,0.26611748337745667,0.3125547170639038,0.29692474007606506,0.2213437408208847,0.188726544380188,0.23864702880382538,0.2284930944442749,0.28547924757003784,0.33190271258354187,0.3013906180858612,0.26825881004333496,0.3337002396583557,0.30766761302948,0.1842241883277893,0.333696573972702,0.20743387937545776,0.17066676914691925,0.33736440539360046,0.3443628251552582,0.2612840533256531,0.28241780400276184,0.24782134592533112,0.23732095956802368,0.217681422829628,0.32410115003585815,0.2650563418865204,0.3058183789253235,0.29192060232162476,0.27540144324302673,0.16984520852565765,0.10401152819395065,0.1661301702260971,0.2807403802871704,0.2942713797092438,0.2415563315153122,0.23696742951869965,0.2697751224040985,0.22907185554504395,0.33157879114151,0.19388507306575775,0.03870213404297829,0.2216980755329132,0.2214798480272293,0.3042920231819153,0.3408488631248474,0.26229602098464966,0.19344566762447357,0.3146980106830597,0.2765693962574005,0.29031622409820557,0.18466982245445251,0.21602623164653778,0.25062328577041626,0.3274579346179962,0.2583254873752594,0.20757146179676056,0.340371310710907,0.35663852095603943,0.2652168571949005,0.2899964451789856,0.30653947591781616,0.3148256838321686,0.32121554017066956,0.29255160689353943,0.2653281092643738,0.3017825484275818,0.2441028505563736,0.3049272894859314,0.2986094653606415,0.15457727015018463,0.3137872517108917,0.06037833169102669,0.36953577399253845,0.19327038526535034,0.26311540603637695,0.259573370218277,0.2763199210166931,0.2828097343444824,0.34374821186065674,0.21884672343730927,0.2422090768814087,0.36917996406555176,0.32665276527404785,0.26369714736938477,0.29324933886528015,0.3471314609050751,0.33058685064315796,0.2689361274242401,0.24722427129745483,0.0408070869743824
3,2.204775,tensor(0.0066),0.3662515878677368,0.2712189555168152,0.058725886046886444,0.40690621733665466,0.3715742230415344,0.33847296237945557,0.23024322092533112,0.3668143153190613,0.33354172110557556,0.3510701060295105,0.34120139479637146,0.2879087030887604,0.30314549803733826,0.29845473170280457,0.3234173357486725,0.2402675449848175,0.2431645393371582,0.3010261654853821,0.3882750868797302,0.39537256956100464,0.3726448714733124,0.3300646245479584,0.3037743866443634,0.3642366826534271,0.3082689642906189,0.27901604771614075,0.31429237127304077,0.315825879573822,0.37095847725868225,0.3039603531360626,0.3620995283126831,0.3739506006240845,0.3537488877773285,0.30304932594299316,0.279254674911499,0.3145042657852173,0.3483476936817169,0.15474948287010193,0.37861666083335876,0.341251939535141,0.2971252202987671,0.37354445457458496,0.3349710702896118,0.3366614878177643,0.35751330852508545,0.35316139459609985,0.39726150035858154,0.3157578706741333,0.3715415894985199,0.3759859800338745,0.3513282239437103,0.38085201382637024,0.27448272705078125,0.28134670853614807,0.33633503317832947,0.29292574524879456,0.3083465099334717,0.3274393379688263,0.3320373594760895,0.1579524725675583,0.09302668273448944,0.36886727809906006,0.3261743187904358,0.35207462310791016,0.04533294215798378,0.4050925374031067,0.3267323672771454,0.3478752374649048,0.39800339937210083,0.2920326888561249,0.36277180910110474,0.323833703994751,0.36194902658462524,0.3795952796936035,0.2946799397468567,0.30990317463874817,0.14456899464130402,0.35183560848236084,0.32670480012893677,0.30694249272346497,0.3127252161502838,0.316277414560318,0.3730257749557495,0.2779659926891327,0.1740727722644806,0.2993696331977844,0.32234519720077515,0.2828960418701172,0.31568318605422974,0.2604198753833771,0.30360034108161926,0.26643893122673035,0.2457268089056015,0.2611020505428314,0.3785693049430847,0.35230183601379395,0.32088854908943176,0.019323766231536865,0.3626978099346161,0.3283253312110901
4,2.265177,tensor(0.0068),0.39374345541000366,0.3795737028121948,0.3719412386417389,0.2212134450674057,0.41004636883735657,0.3635351359844208,0.4103540778160095,0.43864285945892334,0.4105287492275238,0.36884546279907227,0.3872414231300354,0.46437159180641174,0.344771146774292,0.3558177053928375,0.26967939734458923,0.401014119386673,0.2999315857887268,0.39175543189048767,0.3045211434364319,0.4521804451942444,0.43046990036964417,0.38913995027542114,0.40471911430358887,0.3957640826702118,0.44043099880218506,0.40754032135009766,0.3869794011116028,0.4518280029296875,0.4277516007423401,0.3239591121673584,0.42306509613990784,0.3604769706726074,0.3630729019641876,0.4060637354850769,0.41179028153419495,0.3669201731681824,0.38037988543510437,0.360018253326416,0.44829699397087097,0.4287623465061188,0.4085526168346405,0.404864639043808,0.4196488559246063,0.34750667214393616,0.400004506111145,0.3987025320529938,0.3864346742630005,0.39504480361938477,0.3676367402076721,0.348599910736084,0.442596435546875,0.3616543114185333,0.36243319511413574,0.3460967242717743,0.3888859450817108,0.33707359433174133,0.4538838863372803,0.4285352826118469,0.40308260917663574,0.45560601353645325,0.36678972840309143,0.3979388177394867,0.3533971607685089,0.36971724033355713,0.35173118114471436,0.3410092890262604,0.4386267066001892,0.3886541426181793,0.3526885509490967,0.21592998504638672,0.4440951943397522,0.41255810856819153,0.42831534147262573,0.4669153392314911,0.35886409878730774,0.3913600444793701,0.42537182569503784,0.38232022523880005,0.39448297023773193,0.3699944019317627,0.45026373863220215,0.38634705543518066,0.3487795889377594,0.39227622747421265,0.42174938321113586,0.3592138886451721,0.4291994273662567,0.39303794503211975,0.42789536714553833,0.41765597462654114,0.41024383902549744,0.39128491282463074,0.3812224864959717,0.32963302731513977,0.3662826418876648,0.4108853042125702,0.31388169527053833,0.42344844341278076,0.3850703537464142,0.3604399263858795
5,2.3263953,tensor(0.0070),0.16254250705242157,0.44802597165107727,0.40986162424087524,0.45140063762664795,0.4477841854095459,0.47242051362991333,0.48067373037338257,0.4376579821109772,0.4391602575778961,0.4733557105064392,0.46162137389183044,0.4372571110725403,0.46484217047691345,0.36383602023124695,0.43335196375846863,0.4352186620235443,0.4155466854572296,0.4173142611980438,0.45467373728752136,0.41085734963417053,0.47879287600517273,0.42875105142593384,0.4424821734428406,0.4710116982460022,0.4356316924095154,0.44910815358161926,0.44690632820129395,0.42687591910362244,0.47137483954429626,0.4144218862056732,0.442464143037796,0.45302775502204895,0.40761449933052063,0.49359509348869324,0.4359169006347656,0.4576233923435211,0.4511979818344116,0.42457783222198486,0.411241352558136,0.42786675691604614,0.4760337471961975,0.41570237278938293,0.4584261178970337,0.5107445120811462,0.4821893274784088,0.46453630924224854,0.42767590284347534,0.47683754563331604,0.4311399459838867,0.38483065366744995,0.41334807872772217,0.450006902217865,0.4370756149291992,0.42834168672561646,0.4291459321975708,0.415304034948349,0.437202513217926,0.4239042401313782,0.4482968747615814,0.43571922183036804,0.4714985191822052,0.4821057617664337,0.45192334055900574,0.4829017221927643,0.4146684408187866,0.4296629726886749,0.38039183616638184,0.4534122347831726,0.44224607944488525,0.4752243459224701,0.46149030327796936,0.418901264667511,0.45033860206604004,0.4940730035305023,0.42594796419143677,0.4013631343841553,0.40492162108421326,0.425892174243927,0.4436662495136261,0.4643157720565796,0.4541949927806854,0.44598060846328735,0.47246798872947693,0.4116361737251282,0.44360703229904175,0.43777137994766235,0.453006386756897,0.4865368604660034,0.5038843750953674,0.4188888669013977,0.4032507836818695,0.37836453318595886,0.424513578414917,0.4258226156234741,0.4624401330947876,0.40478506684303284,0.44643086194992065,0.41369763016700745,0.4623768627643585,0.4674181044101715
6,2.3884296,tensor(0.0072),0.49854281544685364,0.4780791997909546,0.46311742067337036,0.5190113186836243,0.5338217616081238,0.49028775095939636,0.5157113671302795,0.4865415096282959,0.5037623047828674,0.5182070136070251,0.511345386505127,0.4921691119670868,0.46433699131011963,0.5421607494354248,0.46402570605278015,0.4805680811405182,0.48578107357025146,0.47599080204963684,0.49440163373947144,0.4984389543533325,0.4719215929508209,0.517314612865448,0.48741596937179565,0.49753338098526,0.48753970861434937,0.5097825527191162,0.4657423198223114,0.5209548473358154,0.4750368893146515,0.4815785586833954,0.49930447340011597,0.5123295783996582,0.5225963592529297,0.45809075236320496,0.5295307040214539,0.4576045572757721,0.5479016304016113,0.4932371973991394,0.4776991605758667,0.502835214138031,0.4868895709514618,0.4563998878002167,0.4902702867984772,0.47256845235824585,0.5071938037872314,0.41898784041404724,0.48711711168289185,0.4920257329940796,0.5428858399391174,0.5202835202217102,0.5004964470863342,0.4720585346221924,0.4734652638435364,0.5284104943275452,0.4795042872428894,0.4906611442565918,0.5113203525543213,0.4901508390903473,0.5079264640808105,0.517106294631958,0.49087169766426086,0.5057373642921448,0.4873054623603821,0.5186541080474854,0.4667498469352722,0.4521985948085785,0.48010531067848206,0.5193636417388916,0.4675695300102234,0.480525940656662,0.5077735781669617,0.4755651354789734,0.4144412875175476,0.4960086941719055,0.5195884704589844,0.5222487449645996,0.5236443281173706,0.4605019688606262,0.5249038338661194,0.466886043548584,0.5011873841285706,0.5186244249343872,0.4645240008831024,0.5103386044502258,0.5111731290817261,0.47364339232444763,0.48347634077072144,0.49521932005882263,0.506202220916748,0.4876326620578766,0.4979676902294159,0.5072157382965088,0.4801512360572815,0.48854997754096985,0.47836068272590637,0.51664799451828,0.49296677112579346,0.5059621334075928,0.49698972702026367,0.47359299659729004
7,2.4512806,tensor(0.0074),0.5587450861930847,0.5323313474655151,0.567954957485199,0.5572567582130432,0.5372796654701233,0.5718986988067627,0.583572506904602,0.5693910717964172,0.543461263179779,0.5549769997596741,0.5631198883056641,0.5541830062866211,0.5436129570007324,0.48067885637283325,0.5137912631034851,0.5205478668212891,0.5155783891677856,0.551575243473053,0.529050886631012,0.5420199036598206,0.5331469178199768,0.5652468800544739,0.5416626334190369,0.541077733039856,0.5613359212875366,0.5132046341896057,0.5708516240119934,0.5833969712257385,0.5104537606239319,0.5403761267662048,0.5794997811317444,0.5652684569358826,0.5406485795974731,0.5618047118186951,0.5496376752853394,0.5430466532707214,0.5362644791603088,0.5458324551582336,0.5475250482559204,0.5248632431030273,0.5682882070541382,0.5631358623504639,0.5314748287200928,0.5047431588172913,0.5107912421226501,0.5592069625854492,0.5401619672775269,0.5396862626075745,0.543998122215271,0.5713832974433899,0.5286403894424438,0.5263659358024597,0.568915605545044,0.5616154074668884,0.5536794662475586,0.5693041682243347,0.5466753840446472,0.5114654898643494,0.5168396830558777,0.5296030640602112,0.539534330368042,0.5759013295173645,0.5379047393798828,0.5118921399116516,0.5166141986846924,0.5239591598510742,0.5576691031455994,0.5407195687294006,0.540023922920227,0.5487385392189026,0.5510884523391724,0.5493309497833252,0.5088463425636292,0.5637713074684143,0.5408691167831421,0.5330817103385925,0.548801600933075,0.4996698200702667,0.48644503951072693,0.5844515562057495,0.5515134930610657,0.5571326017379761,0.5330204367637634,0.5324099659919739,0.558591365814209,0.5586236715316772,0.516240119934082,0.5757433772087097,0.5098009705543518,0.5189552903175354,0.561133623123169,0.5607549548149109,0.5411073565483093,0.5183483958244324,0.5670275688171387,0.4921148121356964,0.5468717217445374,0.5298804044723511,0.5239800214767456,0.5399792194366455
8,2.5149474,tensor(0.0075),0.6065093874931335,0.5686288475990295,0.5682836174964905,0.6195674538612366,0.5717096328735352,0.5924508571624756,0.6130937933921814,0.5899887681007385,0.5602061748504639,0.5996895432472229,0.5779731273651123,0.5999574661254883,0.5450480580329895,0.5711266994476318,0.5830162763595581,0.6149107217788696,0.6172094345092773,0.5503870248794556,0.5692378878593445,0.6044288873672485,0.6084672212600708,0.5728825330734253,0.5523631572723389,0.584831178188324,0.5787112712860107,0.542532205581665,0.5925642251968384,0.5709503293037415,0.5802633762359619,0.550839364528656,0.5653269290924072,0.5780958533287048,0.6059882640838623,0.5993769764900208,0.6159037351608276,0.5722126364707947,0.5928487181663513,0.6239074468612671,0.5698421597480774,0.5956661105155945,0.5758455395698547,0.5942716598510742,0.6091545820236206,0.5485931038856506,0.6058573722839355,0.5998995900154114,0.6183376312255859,0.610414445400238,0.58490389585495,0.5818014740943909,0.6079823970794678,0.5629120469093323,0.538663387298584,0.5790417194366455,0.5890533924102783,0.5948290228843689,0.5862800478935242,0.5976726412773132,0.5769794583320618,0.5660127401351929,0.5862618684768677,0.5829159617424011,0.5420925617218018,0.5781249403953552,0.5662047863006592,0.5930161476135254,0.5803849101066589,0.5882453918457031,0.6086367964744568,0.5895664691925049,0.5967531800270081,0.5725581049919128,0.5830258727073669,0.612826406955719,0.5899683237075806,0.6119017004966736,0.5906869769096375,0.5956091284751892,0.5991533398628235,0.6022961735725403,0.6190049648284912,0.5321512818336487,0.6359759569168091,0.5858014822006226,0.6175903677940369,0.5464842915534973,0.5493906140327454,0.5502821207046509,0.6003298163414001,0.5598574876785278,0.6170976758003235,0.5679541826248169,0.6000963449478149,0.5923464298248291,0.5631384253501892,0.5943343639373779,0.603246808052063,0.5944188833236694,0.5913113951683044,0.5848602056503296
9,2.5794306,tensor(0.0077),0.6193143129348755,0.6652094721794128,0.6080253720283508,0.6216907501220703,0.6676604747772217,0.6489906907081604,0.6404407024383545,0.6295772194862366,0.6125649809837341,0.606964111328125,0.6072702407836914,0.64163738489151,0.6388876438140869,0.6445337533950806,0.6382699012756348,0.6470324397087097,0.6333693265914917,0.6424536108970642,0.6724209189414978,0.6241572499275208,0.5890807509422302,0.6408774256706238,0.6316049098968506,0.6256136894226074,0.6263430714607239,0.6629937291145325,0.630804717540741,0.663095235824585,0.5991107225418091,0.6625423431396484,0.6266900300979614,0.6434794068336487,0.6590343117713928,0.6271132826805115,0.5837947726249695,0.628948450088501,0.6333200931549072,0.601554811000824,0.6175961494445801,0.6372979283332825,0.6330476999282837,0.6306381821632385,0.6422674059867859,0.6469379663467407,0.6370183229446411,0.645674467086792,0.644085168838501,0.6190255284309387,0.6410161256790161,0.618405282497406,0.593224287033081,0.611263632774353,0.6318593621253967,0.6467907428741455,0.6299939751625061,0.6256651282310486,0.643375813961029,0.6087674498558044,0.6417223811149597,0.6247180700302124,0.6402262449264526,0.6525158286094666,0.6533567309379578,0.6461689472198486,0.645269513130188,0.6453098654747009,0.6505715250968933,0.6782218813896179,0.6327049732208252,0.6407536864280701,0.6147403717041016,0.6497235298156738,0.6317182183265686,0.6542765498161316,0.6279215812683105,0.6320642232894897,0.6409009695053101,0.6458605527877808,0.6250626444816589,0.6455492377281189,0.6335992813110352,0.6256750822067261,0.6702225208282471,0.6250457763671875,0.6521751880645752,0.6316527724266052,0.631639301776886,0.6256600618362427,0.6352819800376892,0.6278586387634277,0.6569477915763855,0.6449671983718872,0.6413768529891968,0.6485358476638794,0.6172661185264587,0.6198891401290894,0.6688968539237976,0.654534637928009,0.6444768905639648,0.6408895254135132
10,2.64473,tensor(0.0079),0.6631703972816467,0.7037681937217712,0.6704708933830261,0.6879026889801025,0.6939558386802673,0.669399082660675,0.6600523591041565,0.6633959412574768,0.705039381980896,0.68537437915802,0.6655216813087463,0.6900043487548828,0.6703661680221558,0.6533916592597961,0.6626760363578796,0.679388165473938,0.6651090979576111,0.6884821653366089,0.7104170918464661,0.693576991558075,0.708903968334198,0.7136262059211731,0.695389449596405,0.6773578524589539,0.6693331003189087,0.6919681429862976,0.6683658957481384,0.7070482969284058,0.6802642941474915,0.6702418923377991,0.6471134424209595,0.6595735549926758,0.7014626860618591,0.6557415723800659,0.6727073192596436,0.6824477314949036,0.699885368347168,0.7051008343696594,0.6827141046524048,0.652252733707428,0.6564860939979553,0.685016930103302,0.7259167432785034,0.7087112069129944,0.6879521608352661,0.6715893745422363,0.6654677987098694,0.7229821085929871,0.6867181658744812,0.6915278434753418,0.6828712224960327,0.6617724299430847,0.687231183052063,0.7072079181671143,0.705363392829895,0.6968618631362915,0.6793438792228699,0.6871824264526367,0.6885526180267334,0.6648985743522644,0.6728798151016235,0.6822714805603027,0.6678109169006348,0.678596556186676,0.7052533030509949,0.6677884459495544,0.6650851964950562,0.6861057281494141,0.6748014688491821,0.6606118083000183,0.63320392370224,0.7133498191833496,0.6656649112701416,0.6865746378898621,0.6994833946228027,0.6536232233047485,0.6970665454864502,0.6427428722381592,0.6811888813972473,0.6715800166130066,0.6678003668785095,0.6624767184257507,0.6636606454849243,0.6759889721870422,0.6844546794891357,0.6644427180290222,0.6593564748764038,0.6987070441246033,0.6639765501022339,0.6717349886894226,0.7025334239006042,0.6985750198364258,0.6827307939529419,0.704310953617096,0.6689236760139465,0.6863412857055664,0.6923803687095642,0.6686432361602783,0.6989875435829163,0.6808154582977295
11,2.710846,tensor(0.0081),0.7218688726425171,0.7052291631698608,0.7142273783683777,0.7454383969306946,0.6787278056144714,0.7346951961517334,0.7463797926902771,0.7554842829704285,0.7093284726142883,0.7306370139122009,0.712174117565155,0.6965321898460388,0.7362171411514282,0.7188804745674133,0.7309988737106323,0.7211875915527344,0.7287377715110779,0.7049466967582703,0.7266391515731812,0.7445631623268127,0.7376382946968079,0.7373208403587341,0.7404435276985168,0.6993690729141235,0.7145261168479919,0.7141390442848206,0.7352901101112366,0.7265651822090149,0.7137864828109741,0.7453667521476746,0.7132285833358765,0.734160304069519,0.7108041048049927,0.7192726135253906,0.7385885715484619,0.7460808753967285,0.7128591537475586,0.707555890083313,0.7201052904129028,0.7701717615127563,0.723564624786377,0.7279109358787537,0.7606106400489807,0.7258468270301819,0.7449238300323486,0.7309859395027161,0.7524270415306091,0.7171724438667297,0.7289978265762329,0.7215167880058289,0.7297359704971313,0.7348513603210449,0.7031332850456238,0.728320300579071,0.720469057559967,0.7416539192199707,0.7181898355484009,0.7356504201889038,0.7210806608200073,0.717444896697998,0.7320732474327087,0.7062450051307678,0.7693275213241577,0.745143711566925,0.7110580205917358,0.7552358508110046,0.7040011286735535,0.681126058101654,0.7081405520439148,0.701468825340271,0.7348234057426453,0.721125066280365,0.7490193247795105,0.7215131521224976,0.7166028618812561,0.7126398086547852,0.7307366728782654,0.7217656373977661,0.7318077683448792,0.712595522403717,0.7061756253242493,0.719825029373169,0.705794632434845,0.7639898061752319,0.7015925049781799,0.739028811454773,0.7271947264671326,0.7286664843559265,0.6817730665206909,0.7333669662475586,0.7339360117912292,0.7214369773864746,0.7218238115310669,0.7281497120857239,0.743762731552124,0.7109687924385071,0.7200417518615723,0.7200948596000671,0.7496851682662964,0.7080413103103638
12,2.7777777,tensor(0.0083),0.7971467971801758,0.771429717540741,0.7605478763580322,0.7540393471717834,0.7800632119178772,0.7567285299301147,0.7563355565071106,0.7183423638343811,0.7732517719268799,0.7650961875915527,0.7703710198402405,0.7902253270149231,0.772153377532959,0.8006965517997742,0.7911818027496338,0.7879093885421753,0.7835494875907898,0.7764691114425659,0.7646787166595459,0.7686328887939453,0.7591328620910645,0.7812079191207886,0.7503372430801392,0.823621928691864,0.7416258454322815,0.789991021156311,0.793884813785553,0.7863790392875671,0.7832392454147339,0.7629319429397583,0.7912320494651794,0.7959408164024353,0.7665456533432007,0.7360867261886597,0.800820529460907,0.7700157761573792,0.7737733721733093,0.7745776176452637,0.7853072285652161,0.7696785926818848,0.8013680577278137,0.7422116994857788,0.779714047908783,0.7795565128326416,0.7745572328567505,0.7835190892219543,0.8052651286125183,0.7678875923156738,0.7753829956054688,0.7629205584526062,0.767685055732727,0.7962713837623596,0.7861812114715576,0.7811858654022217,0.7605285048484802,0.7671477198600769,0.7990176677703857,0.7509928345680237,0.7787669897079468,0.7708327770233154,0.7811319828033447,0.7871649265289307,0.7244513630867004,0.7823725938796997,0.7424789071083069,0.7754721641540527,0.7863998413085938,0.776064395904541,0.7796375155448914,0.7663444876670837,0.7665082812309265,0.7766993045806885,0.7752599120140076,0.7429777383804321,0.7689440250396729,0.8010372519493103,0.7806921005249023,0.7965224981307983,0.7791298627853394,0.7749924659729004,0.7584336400032043,0.7560977935791016,0.758084774017334,0.7918976545333862,0.7955897450447083,0.7772757411003113,0.7701303362846375,0.807718813419342,0.7558525800704956,0.7630314230918884,0.7683015465736389,0.7651538252830505,0.7795708179473877,0.7669291496276855,0.7676402926445007,0.780588686466217,0.8011361360549927,0.7879234552383423,0.790351927280426,0.7631656527519226
13,2.845526,tensor(0.0085),0.8117719888687134,0.8364452719688416,0.8052234053611755,0.8349207639694214,0.8121864795684814,0.8186469674110413,0.8203022480010986,0.8370329141616821,0.7723462581634521,0.8249856233596802,0.8401570320129395,0.8339903354644775,0.8376933932304382,0.8131188154220581,0.8370415568351746,0.8554238677024841,0.8286947011947632,0.8549929857254028,0.8363458514213562,0.8035046458244324,0.8262604475021362,0.8388078808784485,0.7920350432395935,0.8422317504882812,0.8421056866645813,0.8254048228263855,0.8112504482269287,0.8298059701919556,0.843816876411438,0.8410452604293823,0.8248339295387268,0.8458880186080933,0.8137269020080566,0.8156903386116028,0.8151270747184753,0.8291020393371582,0.8547589778900146,0.832315981388092,0.8458259105682373,0.8208094835281372,0.7602829933166504,0.7700875401496887,0.8333504796028137,0.8008769750595093,0.8273358941078186,0.8120867013931274,0.8016215562820435,0.8456757068634033,0.827033519744873,0.8192000389099121,0.832327663898468,0.8239762783050537,0.8412317633628845,0.8280332088470459,0.830644965171814,0.8033963441848755,0.8101500868797302,0.8141177892684937,0.8190502524375916,0.8367519378662109,0.843730092048645,0.8345733880996704,0.8591718077659607,0.8166332244873047,0.8330444693565369,0.7713480591773987,0.8379205465316772,0.8145452737808228,0.846660852432251,0.812720775604248,0.8177621364593506,0.8275710344314575,0.8154842853546143,0.8268898725509644,0.8210656642913818,0.8237806558609009,0.8501412868499756,0.8476921916007996,0.8171923160552979,0.8398096561431885,0.7843405604362488,0.8515765070915222,0.823929488658905,0.8356128334999084,0.8436710834503174,0.8262258768081665,0.8281142711639404,0.8503789305686951,0.8323128819465637,0.8319723606109619,0.8110247254371643,0.8124027252197266,0.8306179046630859,0.8215613961219788,0.8270807266235352,0.8224021792411804,0.8110266327857971,0.8076854348182678,0.8305845856666565,0.8299819827079773
14,2.9140904,tensor(0.0087),0.8874691128730774,0.8974012136459351,0.867739200592041,0.8668352961540222,0.8686192631721497,0.8753793239593506,0.9027243256568909,0.906384289264679,0.8860812783241272,0.8931664824485779,0.8911481499671936,0.8765993714332581,0.8525274395942688,0.886588454246521,0.881080687046051,0.8927381634712219,0.8800338506698608,0.8829707503318787,0.9080089330673218,0.8951301574707031,0.8793981671333313,0.8747870922088623,0.8849256038665771,0.8880286812782288,0.8715373277664185,0.9027314782142639,0.8848533034324646,0.8904896974563599,0.8390652537345886,0.9166157841682434,0.8966386914253235,0.9098477959632874,0.8782269358634949,0.8798660039901733,0.8892956376075745,0.8541720509529114,0.9073202013969421,0.8530309200286865,0.8708630800247192,0.8507832884788513,0.8821269869804382,0.8614638447761536,0.886482298374176,0.8733783960342407,0.8789082765579224,0.8821437954902649,0.8815349340438843,0.877473771572113,0.8735198378562927,0.9042801260948181,0.8838264346122742,0.8727324604988098,0.9103044271469116,0.8675629496574402,0.8662732839584351,0.8945028185844421,0.8375263810157776,0.8902696967124939,0.8655778169631958,0.8927010297775269,0.8776112794876099,0.8899713158607483,0.8686650395393372,0.8435326218605042,0.8643077611923218,0.8968999981880188,0.8658135533332825,0.8942912817001343,0.9001917243003845,0.9107833504676819,0.8537842631340027,0.8942440152168274,0.8700311183929443,0.8676769733428955,0.8671560287475586,0.8706372380256653,0.8510777354240417,0.9062958359718323,0.889904797077179,0.8873516321182251,0.8871184587478638,0.8705308437347412,0.8871328234672546,0.8711857199668884,0.8530632853507996,0.8673862218856812,0.8995229601860046,0.8895124793052673,0.8763675093650818,0.8797674775123596,0.9048740863800049,0.8964779376983643,0.8538472652435303,0.9170969724655151,0.8623676896095276,0.8857641816139221,0.8746398687362671,0.8789137005805969,0.8731322288513184,0.8876299262046814
15,2.9834712,tensor(0.0090),0.945765495300293,0.9156360626220703,0.9693223834037781,0.9497561454772949,0.9078611731529236,0.9336321353912354,0.9351902604103088,0.9300839304924011,0.9040467739105225,0.9427250027656555,0.9584041237831116,0.9523464441299438,0.9539687037467957,0.9408172965049744,0.9269204139709473,0.9270270466804504,0.9423912763595581,0.9306280612945557,0.9333915710449219,0.9116782546043396,0.9526526927947998,0.9378675818443298,0.9439760446548462,0.9582104682922363,0.9534354209899902,0.9431858062744141,0.9275241494178772,0.971099317073822,0.9251090884208679,0.9339052438735962,0.8942785859107971,0.9270033836364746,0.9520288705825806,0.932481586933136,0.9153650403022766,0.9052274823188782,0.9540309906005859,0.9484104514122009,0.9467088580131531,0.9156078696250916,0.9340465068817139,0.9396131634712219,0.9448308944702148,0.9436708688735962,0.9494205117225647,0.9399067163467407,0.9306957721710205,0.9588699340820312,0.944707453250885,0.9478339552879333,0.9421249628067017,0.9471040368080139,0.9338441491127014,0.9371055364608765,0.9014654755592346,0.9246452450752258,0.907440721988678,0.9329755306243896,0.9462029337882996,0.9471240043640137,0.952663004398346,0.9425796270370483,0.942941427230835,0.9178348779678345,0.9474163055419922,0.9540814161300659,0.9605470895767212,0.9013790488243103,0.933444082736969,0.9090914130210876,0.9399937987327576,0.9207799434661865,0.9488227367401123,0.9594289660453796,0.922998309135437,0.9311703443527222,0.961907684803009,0.9269490838050842,0.9672636389732361,0.9234437942504883,0.9569894075393677,0.9133223295211792,0.9282357096672058,0.9080828428268433,0.9277024269104004,0.9189937114715576,0.9377280473709106,0.9344434142112732,0.9344232678413391,0.9516469836235046,0.9298667311668396,0.9542204737663269,0.9554945826530457,0.9228312373161316,0.9527456760406494,0.9089505076408386,0.9592790007591248,0.9325845837593079,0.9718393683433533,0.9562616944313049
16,3.053668,tensor(0.0092),0.9939783811569214,0.9872636198997498,0.9779829978942871,0.9765053391456604,0.9768047332763672,0.9908402562141418,0.9909675717353821,0.9840304851531982,0.9890663027763367,0.9895327091217041,0.9826244711875916,0.9906648993492126,0.991858959197998,0.99288010597229,0.9924150705337524,0.9813078045845032,0.9899365305900574,0.9931483268737793,0.9903720021247864,0.9932737350463867,0.9897220134735107,0.9825416803359985,0.9894089698791504,0.987678050994873,0.9923797249794006,0.9828566908836365,0.9894611239433289,0.9804580211639404,0.9925884008407593,0.9895753860473633,0.9891377687454224,0.9870555400848389,0.9914383292198181,0.9925525188446045,0.9928833246231079,0.9935483336448669,0.9892117381095886,0.9928650856018066,0.9922705292701721,0.9888668656349182,0.986253023147583,0.9856946468353271,0.9860809445381165,0.9933044910430908,0.9896492958068848,0.976769208908081,0.9922975301742554,0.9863711595535278,0.9850645065307617,0.988258421421051,0.9836180806159973,0.9857078194618225,0.9920517802238464,0.9857824444770813,0.9908198118209839,0.9818474650382996,0.9728849530220032,0.9926860332489014,0.9828173518180847,0.9826986193656921,0.9817991256713867,0.9874978065490723,0.9894567131996155,0.9899385571479797,0.9934313893318176,0.9845790863037109,0.9745352864265442,0.9922969341278076,0.9759577512741089,0.9952877759933472,0.9921742677688599,0.9858307242393494,0.9945098757743835,0.9927793741226196,0.9653777480125427,0.9859926700592041,0.9909306168556213,0.9810395240783691,0.9860674142837524,0.9934945702552795,0.9895417094230652,0.9911729693412781,0.9960336089134216,0.9924831390380859,0.9883719086647034,0.9892172813415527,0.9902346730232239,0.9847022891044617,0.9884530901908875,0.9927512407302856,0.9894279837608337,0.9905909299850464,0.9909365177154541,0.9855645895004272,0.9799320101737976,0.9903855323791504,0.9936844110488892,0.987805962562561,0.9826720356941223,0.9910997748374939
17,3.1246812,tensor(0.0094),0.9967318177223206,0.9965353012084961,0.9984045028686523,0.9978235363960266,0.9982108473777771,0.9985288977622986,0.9983760118484497,0.997739851474762,0.9981992244720459,0.9980425238609314,0.99839186668396,0.997979998588562,0.9975690245628357,0.9981252551078796,0.9963562488555908,0.997372031211853,0.997276246547699,0.9986184239387512,0.9972455501556396,0.9977930784225464,0.9974516034126282,0.9985458850860596,0.9984649419784546,0.9973061084747314,0.9984626770019531,0.9960436820983887,0.9972406625747681,0.9972816705703735,0.9974843859672546,0.9982106685638428,0.9984847903251648,0.9976585507392883,0.9973902106285095,0.998683750629425,0.9980654120445251,0.9966510534286499,0.9989445209503174,0.9979209303855896,0.9979546070098877,0.9974439740180969,0.9983331561088562,0.9980644583702087,0.9959666728973389,0.998236358165741,0.9976904988288879,0.9969432950019836,0.9979026913642883,0.997643232345581,0.9978439211845398,0.9977012276649475,0.9983459711074829,0.9971629977226257,0.9981368780136108,0.9983935356140137,0.9969327449798584,0.9979920387268066,0.9981597661972046,0.9985354542732239,0.9977543950080872,0.9984244704246521,0.9983416199684143,0.9973319172859192,0.9976305961608887,0.997146725654602,0.998356819152832,0.998003363609314,0.9980661869049072,0.998132586479187,0.99592524766922,0.9971476197242737,0.9974960684776306,0.9967289566993713,0.9970970749855042,0.9984155297279358,0.9981666803359985,0.997913658618927,0.996167778968811,0.9968190789222717,0.9962533712387085,0.9969934225082397,0.9968417882919312,0.9977510571479797,0.9983639121055603,0.9977324604988098,0.998563289642334,0.9972396492958069,0.9987524747848511,0.9976709485054016,0.9977396130561829,0.9978336095809937,0.9983991384506226,0.9984113574028015,0.9982630014419556,0.9985415935516357,0.9979674816131592,0.998031735420227,0.9981002807617188,0.9980212450027466,0.9971210956573486,0.9982212781906128
18,3.1965106,tensor(0.0096),0.9993363618850708,0.9993286728858948,0.9993393421173096,0.9993454217910767,0.9993196129798889,0.9993095397949219,0.9993143081665039,0.9993144869804382,0.9993894696235657,0.9993678331375122,0.9993248581886292,0.9993497133255005,0.9993371963500977,0.9992424249649048,0.9993082284927368,0.9993587136268616,0.9992884993553162,0.9993473887443542,0.9993070363998413,0.99931800365448,0.9993271827697754,0.9993640780448914,0.9993129968643188,0.9992987513542175,0.9993563890457153,0.9993031024932861,0.9993381500244141,0.9993149638175964,0.9993178844451904,0.9990407228469849,0.9991953372955322,0.999219536781311,0.9993234276771545,0.9993479251861572,0.9990506768226624,0.9990829825401306,0.9993295669555664,0.9993324279785156,0.999350368976593,0.9993510842323303,0.9991984963417053,0.9990786910057068,0.999274492263794,0.99925297498703,0.9993534684181213,0.9992184638977051,0.99917072057724,0.999348521232605,0.9993069171905518,0.999336838722229,0.9992643594741821,0.999289870262146,0.9992901682853699,0.9993279576301575,0.999272882938385,0.9992866516113281,0.9993603229522705,0.9992051124572754,0.9993575811386108,0.9993646144866943,0.9992125034332275,0.9992630481719971,0.9992908239364624,0.9992077350616455,0.9990078806877136,0.9993212819099426,0.9992952346801758,0.9993425607681274,0.9993627667427063,0.9993336200714111,0.9993254542350769,0.9993759989738464,0.9993134140968323,0.9993405342102051,0.9991584420204163,0.9990960359573364,0.9993311166763306,0.9992888569831848,0.9993248581886292,0.9993049502372742,0.9993153810501099,0.9993298649787903,0.9990796446800232,0.9983314275741577,0.999239444732666,0.9993561506271362,0.999208927154541,0.9991052746772766,0.9993293285369873,0.9993081092834473,0.9991796016693115,0.9993029236793518,0.9993464946746826,0.9993321895599365,0.9991675615310669,0.9991123676300049,0.9991957545280457,0.9990655183792114,0.9993522763252258,0.9993816018104553
19,3.2691562,tensor(0.0098),0.9994388818740845,0.9994394183158875,0.9994370341300964,0.9994602203369141,0.9994423985481262,0.9994474053382874,0.9994446635246277,0.9994531273841858,0.9994413256645203,0.9994455575942993,0.9994587302207947,0.9994247555732727,0.999448299407959,0.9994613528251648,0.9994402527809143,0.9994513392448425,0.9994325637817383,0.999453067779541,0.9993958473205566,0.999442458152771,0.9994483590126038,0.9994364976882935,0.9994637370109558,0.9994568228721619,0.9994459748268127,0.9994488954544067,0.9994302988052368,0.9994263052940369,0.999441385269165,0.9994351863861084,0.9994071125984192,0.9994671940803528,0.9994548559188843,0.9994432926177979,0.9994474053382874,0.9994575381278992,0.9994533658027649,0.9994550347328186,0.9994509816169739,0.999399721622467,0.9994370937347412,0.9994432926177979,0.9994534254074097,0.9994423985481262,0.9994500875473022,0.9994372129440308,0.9994415044784546,0.9994348883628845,0.9994795322418213,0.9994633197784424,0.9994549751281738,0.9994376301765442,0.9994413256645203,0.9994237422943115,0.9994495511054993,0.9994495511054993,0.9994597434997559,0.9994834661483765,0.9994375109672546,0.9994329214096069,0.9994335174560547,0.9994516372680664,0.9994529485702515,0.999433696269989,0.9994400143623352,0.9994640350341797,0.9994294047355652,0.9994053244590759,0.9994495511054993,0.9994105100631714,0.9994504451751709,0.9994285106658936,0.9994523525238037,0.9994276165962219,0.9994713068008423,0.9994521737098694,0.9994621276855469,0.9994478821754456,0.9994531869888306,0.9994392395019531,0.9994230270385742,0.9993943572044373,0.9994292259216309,0.9994194507598877,0.9994520545005798,0.9994431138038635,0.999457836151123,0.999449610710144,0.9994603395462036,0.9994562268257141,0.9994348287582397,0.9994588494300842,0.9994500279426575,0.9994250535964966,0.9994539618492126,0.9994571805000305,0.9994382858276367,0.9994236826896667,0.9994441270828247,0.9994529485702515
20,3.342618,tensor(0.0100),0.9995167255401611,0.9995236396789551,0.9995185732841492,0.9995185732841492,0.9995353817939758,0.9995388984680176,0.9995334148406982,0.9995251297950745,0.9995227456092834,0.9995431900024414,0.9995318055152893,0.9995115399360657,0.9995356202125549,0.999504804611206,0.9995218515396118,0.9995249509811401,0.9994956851005554,0.9994993805885315,0.9995128512382507,0.9995056986808777,0.999525249004364,0.9995221495628357,0.999540388584137,0.9995404481887817,0.9995226263999939,0.9995356798171997,0.9995281100273132,0.999535322189331,0.9995234608650208,0.9995365142822266,0.9995284080505371,0.9995312094688416,0.9995204210281372,0.9995234608650208,0.9995288252830505,0.9995255470275879,0.9995119571685791,0.9995259046554565,0.9995176196098328,0.9995076060295105,0.9995391964912415,0.9995288848876953,0.9995233416557312,0.9995061159133911,0.999539315700531,0.9995156526565552,0.9995117783546448,0.9995284080505371,0.9995170831680298,0.9995294213294983,0.9995242357254028,0.9995311498641968,0.9995193481445312,0.9995296001434326,0.9995145797729492,0.9995203018188477,0.9995360970497131,0.99952632188797,0.9995097517967224,0.9995266199111938,0.9995114803314209,0.9995230436325073,0.9995176792144775,0.9995432496070862,0.999525249004364,0.9995295405387878,0.9995138645172119,0.9995306134223938,0.9995321035385132,0.999505877494812,0.9995174407958984,0.9995270371437073,0.999512255191803,0.9995105862617493,0.9995245337486267,0.999519944190979,0.9995047450065613,0.9995313882827759,0.9995192289352417,0.9995261430740356,0.9995160698890686,0.9995196461677551,0.999515175819397,0.9995459318161011,0.9995295405387878,0.9995281100273132,0.999529242515564,0.9995083808898926,0.9995058178901672,0.9995422959327698,0.999507486820221,0.9995061755180359,0.999527096748352,0.9995214343070984,0.9995321035385132,0.999517560005188,0.9995181560516357,0.9995225071907043,0.9995309114456177,0.9995422959327698
21,3.4168963,tensor(0.0103),0.9995967745780945,0.9995934963226318,0.9995832443237305,0.9995989799499512,0.9995881915092468,0.9995858073234558,0.9995816349983215,0.9995752573013306,0.999599814414978,0.9995650053024292,0.9995860457420349,0.999599277973175,0.9995832443237305,0.9996019005775452,0.9995746612548828,0.9996083974838257,0.9995946288108826,0.9995842576026917,0.9995795488357544,0.9996034502983093,0.9995982050895691,0.999607264995575,0.9996022582054138,0.9996178150177002,0.9996014833450317,0.9995816349983215,0.9995685815811157,0.9995995759963989,0.9995764493942261,0.99958336353302,0.9995848536491394,0.9995884299278259,0.999586820602417,0.9995917081832886,0.9995861649513245,0.9996059536933899,0.9995798468589783,0.9996081590652466,0.9995937347412109,0.9995912909507751,0.9995852112770081,0.999584972858429,0.9995961785316467,0.9995906949043274,0.9995758533477783,0.999600887298584,0.9995826482772827,0.9995973110198975,0.9995973110198975,0.9995961785316467,0.9995817542076111,0.9995813369750977,0.9995853304862976,0.9995834231376648,0.9995909333229065,0.9995666742324829,0.9996033906936646,0.9995831251144409,0.9996095895767212,0.9996042847633362,0.9996016621589661,0.9996151328086853,0.9996030926704407,0.9995973706245422,0.9995927214622498,0.9996017217636108,0.9995691776275635,0.999603271484375,0.999598503112793,0.9995744824409485,0.9995918869972229,0.999584436416626,0.9996198415756226,0.9995871186256409,0.9995827674865723,0.9995998740196228,0.9995970129966736,0.9995971918106079,0.9995959997177124,0.9995550513267517,0.9995955228805542,0.99958336353302,0.999580442905426,0.9995920062065125,0.999584972858429,0.9995638728141785,0.9995957016944885,0.9995754957199097,0.999585747718811,0.9995700120925903,0.9995893239974976,0.9995865225791931,0.9995948076248169,0.9995931386947632,0.9995906352996826,0.9995900392532349,0.9995988011360168,0.9995967745780945,0.9996026158332825,0.9995996952056885
22,3.4919906,tensor(0.0105),0.9996426701545715,0.999640941619873,0.9996360540390015,0.9996465444564819,0.9996444582939148,0.9996469616889954,0.9996394515037537,0.9996376633644104,0.9996495246887207,0.9996359944343567,0.9996297955513,0.9996471405029297,0.9996587038040161,0.9996518492698669,0.9996514320373535,0.9996530413627625,0.9996559023857117,0.9996431469917297,0.9996536374092102,0.9996464252471924,0.9996486306190491,0.9996508359909058,0.9996507167816162,0.9996474385261536,0.9996518492698669,0.9996364712715149,0.9996406435966492,0.9996289014816284,0.9996326565742493,0.9996461272239685,0.9996532201766968,0.9996126294136047,0.999651312828064,0.9996463656425476,0.9996291995048523,0.9996567964553833,0.9996381998062134,0.9996293783187866,0.9996420741081238,0.9996333718299866,0.9996533989906311,0.9996380805969238,0.9996299147605896,0.9996355772018433,0.9996469616889954,0.9996348023414612,0.9996668696403503,0.9996337890625,0.9996304512023926,0.999624490737915,0.9996542930603027,0.9996588826179504,0.9996531009674072,0.9996553063392639,0.9996467232704163,0.9996411204338074,0.9996557831764221,0.9996581077575684,0.9996435642242432,0.9996511340141296,0.9996362924575806,0.999640166759491,0.9996351599693298,0.9996324777603149,0.9996504187583923,0.9996432662010193,0.9996318817138672,0.9996618032455444,0.999645471572876,0.9996357560157776,0.9996575117111206,0.9996523261070251,0.9996582269668579,0.9996437430381775,0.9996365904808044,0.9996545910835266,0.9996355772018433,0.9996327757835388,0.9996560215950012,0.9996329545974731,0.9996413588523865,0.9996433258056641,0.999636173248291,0.9996397495269775,0.9996437430381775,0.9996444582939148,0.9996344447135925,0.9996397495269775,0.9996450543403625,0.9996458292007446,0.9996373653411865,0.999639630317688,0.9996432662010193,0.9996495246887207,0.9996588826179504,0.9996453523635864,0.999650239944458,0.9996389746665955,0.9996576309204102,0.9996485114097595
23,3.5679011,tensor(0.0107),0.9996899962425232,0.999667763710022,0.9996792078018188,0.9996739625930786,0.9997003674507141,0.999674379825592,0.9996796250343323,0.9996907114982605,0.9996930956840515,0.9996852278709412,0.9996933937072754,0.9996989965438843,0.9996941685676575,0.9996933937072754,0.9996922612190247,0.9996922016143799,0.9996823072433472,0.9996945858001709,0.9996910691261292,0.9996950030326843,0.9996902942657471,0.9996860027313232,0.9997056722640991,0.9996927976608276,0.9996816515922546,0.9996901750564575,0.9996894001960754,0.9996945858001709,0.9996948838233948,0.9996857047080994,0.9996825456619263,0.9996870160102844,0.9996817111968994,0.9996840953826904,0.9996932148933411,0.9996733665466309,0.9996972680091858,0.9996883273124695,0.9996861219406128,0.9997001886367798,0.9996907114982605,0.999680757522583,0.9996922016143799,0.9996755719184875,0.9996798634529114,0.9996705651283264,0.9996843934059143,0.9997035264968872,0.999687910079956,0.9996932744979858,0.9996772408485413,0.9996816515922546,0.9996923208236694,0.9996827244758606,0.9996963739395142,0.9996836185455322,0.9996926784515381,0.9996846318244934,0.9996938705444336,0.9996870160102844,0.9996811151504517,0.9996916055679321,0.9997032880783081,0.999682605266571,0.9996947646141052,0.9996863007545471,0.9996917843818665,0.9996944665908813,0.9996880888938904,0.9996911287307739,0.999697744846344,0.9996837973594666,0.9996928572654724,0.9997097253799438,0.9996820092201233,0.999697208404541,0.9996901750564575,0.9996924996376038,0.9996854066848755,0.9996755719184875,0.9996969699859619,0.9996882081031799,0.9996922016143799,0.9996910095214844,0.9996876120567322,0.9996935725212097,0.9996961951255798,0.9996901154518127,0.9996868968009949,0.9996894001960754,0.9996861219406128,0.9996975064277649,0.9997029900550842,0.9996812343597412,0.9996922612190247,0.9996930956840515,0.9996820092201233,0.9996799230575562,0.9996971487998962,0.9996969699859619
24,3.644628,tensor(0.0109),0.999719500541687,0.9997371435165405,0.9997233152389526,0.9997283816337585,0.9997256994247437,0.999722421169281,0.9997290968894958,0.9997446537017822,0.9997189044952393,0.9997240900993347,0.9997221231460571,0.9997233748435974,0.9997249841690063,0.9997246861457825,0.9997321367263794,0.9997398257255554,0.9997110366821289,0.9997273683547974,0.9997304677963257,0.999737560749054,0.9997262954711914,0.999723494052887,0.999725878238678,0.9997267723083496,0.9997348785400391,0.9997285604476929,0.9997380375862122,0.9997224807739258,0.9997249841690063,0.9997294545173645,0.9997214674949646,0.999725878238678,0.9997237920761108,0.9997186064720154,0.9997227787971497,0.9997256994247437,0.9997227787971497,0.9997270703315735,0.9997312426567078,0.9997227191925049,0.9997288584709167,0.9997203350067139,0.9997224807739258,0.9997248649597168,0.9997115135192871,0.99971604347229,0.9997398257255554,0.9997270107269287,0.9997193813323975,0.9997073411941528,0.9997228980064392,0.9997305870056152,0.9997304677963257,0.9997401237487793,0.9997159242630005,0.9997314810752869,0.9997157454490662,0.9997150897979736,0.9997197985649109,0.9997197389602661,0.9997178912162781,0.9997333884239197,0.9997138381004333,0.9997177124023438,0.9997296929359436,0.999719500541687,0.9997326731681824,0.999721109867096,0.9997203946113586,0.9997259974479675,0.9997239112854004,0.9997223019599915,0.9997355341911316,0.9997285008430481,0.9997258186340332,0.9997336864471436,0.9997237920761108,0.9997212290763855,0.9997143149375916,0.9997208714485168,0.9997339844703674,0.9997220039367676,0.9997298717498779,0.9997270107269287,0.9997121095657349,0.9997174143791199,0.9997242093086243,0.9997290968894958,0.9997367262840271,0.9997212886810303,0.9997237920761108,0.9997276663780212,0.9997249841690063,0.9997221231460571,0.999718189239502,0.9997289776802063,0.999724805355072,0.9997285604476929,0.9997205138206482,0.9997264742851257
25,3.7221713,tensor(0.0112),0.9997583627700806,0.9997491836547852,0.9997516870498657,0.9997568130493164,0.9997437000274658,0.9997482895851135,0.9997570514678955,0.9997592568397522,0.9997473359107971,0.999753475189209,0.9997629523277283,0.9997543692588806,0.9997586011886597,0.9997609853744507,0.9997531771659851,0.9997595548629761,0.9997609853744507,0.9997519850730896,0.9997596740722656,0.9997612833976746,0.9997630715370178,0.9997604489326477,0.9997608661651611,0.9997522830963135,0.9997633695602417,0.9997599720954895,0.9997605681419373,0.9997531175613403,0.9997605085372925,0.9997538924217224,0.9997522830963135,0.9997532963752747,0.9997653365135193,0.9997525811195374,0.9997626543045044,0.999750018119812,0.9997623562812805,0.9997574090957642,0.9997619986534119,0.9997625946998596,0.9997561573982239,0.9997510313987732,0.9997588992118835,0.9997583627700806,0.9997560977935791,0.9997537136077881,0.9997596740722656,0.9997501969337463,0.9997602701187134,0.9997639656066895,0.999757707118988,0.999764084815979,0.9997527003288269,0.9997637867927551,0.9997522830963135,0.9997655749320984,0.9997506141662598,0.999768078327179,0.9997583031654358,0.9997626543045044,0.999754786491394,0.9997636675834656,0.9997565746307373,0.9997679591178894,0.9997646808624268,0.999758780002594,0.9997555613517761,0.9997509717941284,0.9997665286064148,0.9997618794441223,0.9997568726539612,0.9997456073760986,0.9997571110725403,0.9997678399085999,0.9997543692588806,0.9997550845146179,0.9997595548629761,0.9997529983520508,0.9997546672821045,0.9997546076774597,0.9997560977935791,0.9997602701187134,0.9997663497924805,0.9997571706771851,0.999756395816803,0.9997503161430359,0.9997633695602417,0.999760091304779,0.9997577667236328,0.9997666478157043,0.999740719795227,0.9997521042823792,0.9997569918632507,0.9997590780258179,0.9997575879096985,0.9997586607933044,0.9997444152832031,0.9997556805610657,0.9997522234916687,0.9997601509094238
26,3.8005307,tensor(0.0114),0.9997783899307251,0.9997866153717041,0.9997802972793579,0.9997799396514893,0.9997814297676086,0.9997774958610535,0.9997780323028564,0.999775230884552,0.9997768402099609,0.9997761249542236,0.9997823238372803,0.9997802376747131,0.9997789263725281,0.9997975826263428,0.9997850060462952,0.9997921586036682,0.9997929930686951,0.9997774362564087,0.9997819066047668,0.9997860193252563,0.9997832775115967,0.9997731447219849,0.9997798204421997,0.9997863173484802,0.9997743368148804,0.9997829794883728,0.9997777938842773,0.9997851848602295,0.9997897744178772,0.9997739195823669,0.9997881650924683,0.9997811913490295,0.9997811317443848,0.999777615070343,0.9997755289077759,0.9997859001159668,0.9997804164886475,0.9997804760932922,0.9997826218605042,0.9997797012329102,0.9997823238372803,0.9997850060462952,0.9997870922088623,0.9997943639755249,0.9997832775115967,0.9997825026512146,0.9997866153717041,0.9997890591621399,0.9997817873954773,0.9997786283493042,0.9997851252555847,0.9997652769088745,0.9997819066047668,0.9997844099998474,0.999790608882904,0.9997848272323608,0.9997789263725281,0.9997841119766235,0.9997796416282654,0.9997933506965637,0.9997780919075012,0.9997805953025818,0.9997921586036682,0.9997805953025818,0.9997808337211609,0.9997872114181519,0.9997836947441101,0.9997835755348206,0.9997896552085876,0.9997820258140564,0.9997850060462952,0.9997829794883728,0.9997777938842773,0.999769926071167,0.9997876882553101,0.999792754650116,0.9997768402099609,0.9997866153717041,0.9997750520706177,0.9997898936271667,0.9997777938842773,0.9997878670692444,0.9997841119766235,0.9997832179069519,0.9997770190238953,0.9997811913490295,0.9997807145118713,0.9997905492782593,0.999783992767334,0.9997826218605042,0.9997918009757996,0.9997898936271667,0.9997850060462952,0.9997814297676086,0.9997856020927429,0.9997802376747131,0.9997823238372803,0.9997850060462952,0.999781608581543,0.9997746348381042
27,3.8797061,tensor(0.0116),0.999792754650116,0.9998061060905457,0.9998069405555725,0.9998013377189636,0.999805748462677,0.9998120069503784,0.9998075366020203,0.999809205532074,0.9998015761375427,0.9998075366020203,0.9998029470443726,0.9998006224632263,0.9998058080673218,0.9998006224632263,0.9998053312301636,0.9998080134391785,0.9998022317886353,0.9998025298118591,0.999803364276886,0.9997991323471069,0.9998088479042053,0.9998047351837158,0.9998103380203247,0.999810516834259,0.9998056292533875,0.9998118877410889,0.9998096227645874,0.9998126029968262,0.9998086094856262,0.9998099207878113,0.9998078942298889,0.999806821346283,0.9998062252998352,0.9997992515563965,0.9998049139976501,0.9998100399971008,0.9998106360435486,0.9998140335083008,0.9998059272766113,0.9998013377189636,0.999803364276886,0.9998040199279785,0.9998023509979248,0.99979567527771,0.9998029470443726,0.9997957348823547,0.9998096227645874,0.9998030662536621,0.999800443649292,0.9998077154159546,0.9998152256011963,0.9998029470443726,0.9998080134391785,0.9998018145561218,0.9998027086257935,0.9998066425323486,0.9998131990432739,0.9998094439506531,0.999806821346283,0.999808132648468,0.9997992515563965,0.9998109340667725,0.9998086094856262,0.9998074173927307,0.9997942447662354,0.9998050332069397,0.9998044371604919,0.9998053312301636,0.9998016357421875,0.9998069405555725,0.9998056292533875,0.9998074173927307,0.9997965693473816,0.9998044371604919,0.9998041391372681,0.9998060464859009,0.9998063445091248,0.9998070001602173,0.9998078346252441,0.9998098015785217,0.9997920393943787,0.9998047351837158,0.9997966289520264,0.9998037219047546,0.9998054504394531,0.9998048543930054,0.9998045563697815,0.999807596206665,0.9998027086257935,0.9998080134391785,0.9998086094856262,0.999808132648468,0.9998064041137695,0.9998058080673218,0.9998098015785217,0.9998109340667725,0.9998045563697815,0.9997958540916443,0.9998055100440979,0.9998100399971008
28,3.959698,tensor(0.0119),0.9998262524604797,0.9998284578323364,0.9998248815536499,0.9998289346694946,0.9998243451118469,0.999826192855835,0.9998247623443604,0.9998234510421753,0.999824047088623,0.9998177886009216,0.99982088804245,0.9998281598091125,0.9998244643211365,0.9998313188552856,0.999826967716217,0.9998213052749634,0.9998295307159424,0.9998220801353455,0.9998210668563843,0.9998223781585693,0.9998284578323364,0.9998314380645752,0.9998288750648499,0.9998234510421753,0.9998288750648499,0.9998259544372559,0.9998255372047424,0.9998234510421753,0.9998251795768738,0.9998248815536499,0.9998257756233215,0.9998171925544739,0.9998259544372559,0.9998176693916321,0.9998266696929932,0.9998270869255066,0.9998306632041931,0.9998177886009216,0.9998266696929932,0.9998275637626648,0.9998318552970886,0.9998225569725037,0.9998295307159424,0.9998278617858887,0.9998266696929932,0.9998318552970886,0.9998244643211365,0.9998257756233215,0.9998231530189514,0.9998328685760498,0.9998242855072021,0.9998252391815186,0.9998216032981873,0.9998259544372559,0.999823272228241,0.9998220801353455,0.9998205900192261,0.9998239874839783,0.9998167753219604,0.9998211860656738,0.999823272228241,0.9998233914375305,0.9998294711112976,0.9998207092285156,0.99982088804245,0.9998239874839783,0.9998271465301514,0.9998219609260559,0.9998190999031067,0.9998276829719543,0.9998254776000977,0.9998237490653992,0.9998195171356201,0.9998213648796082,0.9998239874839783,0.999823272228241,0.9998266696929932,0.9998253583908081,0.9998223781585693,0.9998310208320618,0.9998195767402649,0.9998272657394409,0.9998231530189514,0.9998227953910828,0.9998237490653992,0.9998281598091125,0.9998213648796082,0.9998170137405396,0.9998200535774231,0.9998250603675842,0.9998236894607544,0.999824047088623,0.9998253583908081,0.9998283386230469,0.9998214840888977,0.9998265504837036,0.9998295307159424,0.9998287558555603,0.9998189806938171,0.9998298287391663
29,4.040506,tensor(0.0121),0.9998369216918945,0.9998407959938049,0.9998413920402527,0.9998375177383423,0.9998389482498169,0.9998424053192139,0.9998432397842407,0.9998456239700317,0.9998487830162048,0.9998466968536377,0.9998419284820557,0.999842643737793,0.9998428225517273,0.99983811378479,0.9998435974121094,0.9998418092727661,0.9998441338539124,0.9998441338539124,0.9998398423194885,0.9998410940170288,0.999843418598175,0.9998335242271423,0.9998459219932556,0.999835729598999,0.9998419880867004,0.999836802482605,0.9998384118080139,0.9998462200164795,0.9998400211334229,0.999841034412384,0.999846875667572,0.9998406171798706,0.9998358488082886,0.9998336434364319,0.9998431205749512,0.99984210729599,0.9998413920402527,0.9998392462730408,0.9998423457145691,0.9998406171798706,0.9998370409011841,0.9998407363891602,0.9998441934585571,0.999836802482605,0.9998526573181152,0.9998352527618408,0.9998441338539124,0.9998450875282288,0.9998406171798706,0.9998413324356079,0.9998413324356079,0.9998399019241333,0.9998443126678467,0.9998410940170288,0.9998469948768616,0.9998435974121094,0.9998395442962646,0.9998419284820557,0.9998435974121094,0.9998437166213989,0.9998410940170288,0.9998463988304138,0.9998398423194885,0.9998369216918945,0.9998403191566467,0.9998425841331482,0.9998347163200378,0.9998429417610168,0.9998392462730408,0.9998462796211243,0.9998443126678467,0.9998459815979004,0.9998392462730408,0.999836802482605,0.9998418092727661,0.9998404383659363,0.9998429417610168,0.9998494982719421,0.9998413920402527,0.999837338924408,0.999838650226593,0.9998406171798706,0.9998375177383423,0.9998371005058289,0.9998461008071899,0.9998367428779602,0.9998453855514526,0.9998424053192139,0.9998358488082886,0.9998353123664856,0.9998425245285034,0.999837338924408,0.9998428225517273,0.9998375177383423,0.9998347163200378,0.9998371005058289,0.9998437166213989,0.999837338924408,0.999843180179596,0.9998446106910706
30,4.1221304,tensor(0.0124),0.9998583793640137,0.9998517036437988,0.9998572468757629,0.9998616576194763,0.9998506903648376,0.9998597502708435,0.9998573660850525,0.9998594522476196,0.9998551607131958,0.9998539686203003,0.999852180480957,0.9998586773872375,0.9998578429222107,0.9998544454574585,0.9998607635498047,0.9998562932014465,0.9998558759689331,0.9998524785041809,0.9998611807823181,0.9998517036437988,0.9998535513877869,0.9998554587364197,0.9998517632484436,0.9998472929000854,0.9998530745506287,0.9998552799224854,0.9998509883880615,0.9998604655265808,0.999848484992981,0.999853253364563,0.9998599290847778,0.9998535513877869,0.9998493790626526,0.9998538494110107,0.9998584389686584,0.9998600482940674,0.9998595714569092,0.9998539686203003,0.9998541474342346,0.9998483061790466,0.9998577833175659,0.9998469948768616,0.9998578429222107,0.9998582601547241,0.9998551607131958,0.9998576641082764,0.9998550415039062,0.9998589754104614,0.9998527765274048,0.9998589754104614,0.9998630285263062,0.9998579621315002,0.9998517036437988,0.9998520612716675,0.9998548626899719,0.9998608827590942,0.9998590350151062,0.9998543858528137,0.9998595714569092,0.9998593330383301,0.9998558759689331,0.9998589754104614,0.9998565912246704,0.999851405620575,0.9998533725738525,0.9998551607131958,0.9998540878295898,0.9998570680618286,0.9998578429222107,0.9998542666435242,0.9998599290847778,0.999859631061554,0.9998599290847778,0.999853789806366,0.9998573660850525,0.9998562932014465,0.9998565912246704,0.9998540878295898,0.9998566508293152,0.9998548030853271,0.9998619556427002,0.9998580813407898,0.9998557567596436,0.9998576641082764,0.9998549818992615,0.9998602271080017,0.9998572468757629,0.9998524785041809,0.999856173992157,0.9998565912246704,0.9998583793640137,0.9998566508293152,0.9998551607131958,0.9998582601547241,0.9998533725738525,0.9998566508293152,0.9998548030853271,0.9998622536659241,0.9998528957366943,0.9998542666435242
31,4.204571,tensor(0.0126),0.9998685121536255,0.9998711943626404,0.9998651146888733,0.9998683333396912,0.9998674392700195,0.9998685121536255,0.9998674392700195,0.999873697757721,0.99986732006073,0.9998692274093628,0.9998690485954285,0.999872088432312,0.9998677372932434,0.9998687505722046,0.999864935874939,0.9998675584793091,0.9998728036880493,0.9998665452003479,0.9998704195022583,0.9998757839202881,0.9998688101768494,0.9998708367347717,0.9998671412467957,0.999867856502533,0.9998719096183777,0.9998626708984375,0.9998639225959778,0.9998708367347717,0.9998667240142822,0.999870240688324,0.9998645186424255,0.9998670220375061,0.9998691082000732,0.9998600482940674,0.9998690485954285,0.9998677372932434,0.9998645186424255,0.9998711347579956,0.9998668432235718,0.9998707175254822,0.9998703002929688,0.9998705387115479,0.9998636245727539,0.999870240688324,0.9998688101768494,0.999870240688324,0.9998714327812195,0.9998672604560852,0.9998704195022583,0.9998671412467957,0.9998741149902344,0.9998733401298523,0.9998641610145569,0.9998644590377808,0.9998692274093628,0.9998704195022583,0.9998656511306763,0.999864935874939,0.9998732209205627,0.9998682141304016,0.9998681545257568,0.9998689293861389,0.9998621344566345,0.9998676180839539,0.999868631362915,0.9998692274093628,0.9998720288276672,0.9998708367347717,0.999869704246521,0.9998701214790344,0.9998704195022583,0.9998745322227478,0.9998682141304016,0.9998651146888733,0.9998671412467957,0.9998656511306763,0.999865710735321,0.9998694062232971,0.9998699426651001,0.9998682141304016,0.9998691082000732,0.9998655319213867,0.9998687505722046,0.9998717308044434,0.9998688101768494,0.9998652338981628,0.9998699426651001,0.9998696446418762,0.9998666048049927,0.9998667240142822,0.9998694062232971,0.9998685121536255,0.9998698234558105,0.9998687505722046,0.9998682141304016,0.9998658299446106,0.9998672604560852,0.999866247177124,0.9998711347579956,0.999864935874939
32,4.287828,tensor(0.0129),0.9998756051063538,0.9998788237571716,0.9998810887336731,0.9998776912689209,0.9998849034309387,0.9998785853385925,0.9998806118965149,0.9998828768730164,0.9998822808265686,0.9998787045478821,0.9998766183853149,0.9998778104782104,0.9998756051063538,0.9998793005943298,0.9998803734779358,0.9998806715011597,0.999882698059082,0.9998793005943298,0.9998785853385925,0.9998791813850403,0.9998793005943298,0.999879777431488,0.9998812675476074,0.9998791813850403,0.9998847842216492,0.9998807907104492,0.9998824000358582,0.9998751282691956,0.9998806118965149,0.9998794794082642,0.9998809695243835,0.9998747110366821,0.9998816847801208,0.9998754858970642,0.9998818635940552,0.9998779296875,0.9998778104782104,0.9998785257339478,0.9998800754547119,0.9998806118965149,0.9998797178268433,0.9998804926872253,0.9998745322227478,0.9998787045478821,0.9998798966407776,0.9998767971992493,0.9998781085014343,0.9998787045478821,0.9998764991760254,0.9998818039894104,0.9998803734779358,0.9998840093612671,0.9998836517333984,0.9998785853385925,0.9998806715011597,0.9998849034309387,0.9998769164085388,0.9998812675476074,0.9998757839202881,0.9998840689659119,0.999879777431488,0.9998788833618164,0.9998857975006104,0.9998816847801208,0.9998748898506165,0.9998764991760254,0.9998772144317627,0.9998739361763,0.9998804926872253,0.9998766183853149,0.9998804926872253,0.9998754858970642,0.999879777431488,0.9998785853385925,0.9998762011528015,0.9998748898506165,0.9998809695243835,0.9998791217803955,0.9998776912689209,0.9998804926872253,0.999882698059082,0.9998782277107239,0.999882698059082,0.9998769760131836,0.9998810887336731,0.9998801946640015,0.9998782277107239,0.9998772144317627,0.9998791813850403,0.9998827576637268,0.9998769760131836,0.9998770952224731,0.9998809099197388,0.9998788237571716,0.9998794794082642,0.9998807907104492,0.9998830556869507,0.9998818635940552,0.9998806715011597,0.9998807907104492
33,4.371901,tensor(0.0131),0.9998926520347595,0.9998863935470581,0.9998928308486938,0.9998846650123596,0.999893069267273,0.9998969435691833,0.999891459941864,0.999889075756073,0.9998913407325745,0.9998912811279297,0.9998865723609924,0.9998892545700073,0.999886155128479,0.9998904466629028,0.9998899698257446,0.9998897910118103,0.9998933672904968,0.9998906850814819,0.9998903870582581,0.9998883605003357,0.9998900890350342,0.9998912811279297,0.9998921751976013,0.9998897910118103,0.9998891353607178,0.9998900890350342,0.9998889565467834,0.9998869895935059,0.9998904466629028,0.9998867511749268,0.9998906850814819,0.9998924732208252,0.9998859763145447,0.9998886585235596,0.9998887777328491,0.9998865723609924,0.9998922348022461,0.9998888373374939,0.999890148639679,0.9998872876167297,0.9998892545700073,0.9998905658721924,0.9998859763145447,0.9998913407325745,0.9998876452445984,0.9998895525932312,0.9998899698257446,0.9998878836631775,0.9998899698257446,0.999890148639679,0.9998873472213745,0.9998906850814819,0.9998896718025208,0.9998902678489685,0.9998874664306641,0.9998909831047058,0.9998918771743774,0.9998880624771118,0.9998873472213745,0.9998859763145447,0.9998880624771118,0.9998913407325745,0.9998910427093506,0.9998872876167297,0.9998893737792969,0.9998877644538879,0.9998912811279297,0.9998919367790222,0.9998853802680969,0.9998881816864014,0.999889075756073,0.9998880624771118,0.9998910427093506,0.9998896718025208,0.9998888373374939,0.9998869895935059,0.9998883605003357,0.9998906850814819,0.9998897910118103,0.9998879432678223,0.9998863935470581,0.9998897314071655,0.9998893737792969,0.9998864531517029,0.9998894333839417,0.9998857975006104,0.9998875856399536,0.9998863935470581,0.9998920559883118,0.999882698059082,0.9998883605003357,0.9998922348022461,0.999889075756073,0.999891459941864,0.9998903870582581,0.9998918771743774,0.9998891353607178,0.9998928308486938,0.9998884797096252,0.9998898506164551
34,4.45679,tensor(0.0134),0.9998986124992371,0.9998980164527893,0.9999000430107117,0.9998968243598938,0.9998995065689087,0.9998981356620789,0.9998952746391296,0.9998972415924072,0.9998977184295654,0.9998920559883118,0.9999006986618042,0.9998950362205505,0.99989914894104,0.9998945593833923,0.9998957514762878,0.999896228313446,0.9999006390571594,0.9998990297317505,0.9998984336853027,0.9998963475227356,0.9998959302902222,0.9998957514762878,0.999900221824646,0.9998983144760132,0.9998982548713684,0.9998958706855774,0.9998989105224609,0.9998987317085266,0.999896764755249,0.9998972415924072,0.9998976588249207,0.9998973608016968,0.9998979568481445,0.9998969435691833,0.9998964667320251,0.9998998045921326,0.9998961687088013,0.9998966455459595,0.9998999238014221,0.9998980164527893,0.999900758266449,0.999897837638855,0.9998951554298401,0.9998969435691833,0.9998968243598938,0.9999025464057922,0.9998990297317505,0.999896764755249,0.9998980164527893,0.9998989105224609,0.9998994469642639,0.9998977184295654,0.9998984336853027,0.9998997449874878,0.9998985528945923,0.999897837638855,0.9998994469642639,0.9998980164527893,0.9998970627784729,0.9999005198478699,0.9998955130577087,0.9998983144760132,0.999895453453064,0.9998950362205505,0.9999000430107117,0.9998960494995117,0.9998950362205505,0.9998974204063416,0.9998989105224609,0.9998994469642639,0.9998944401741028,0.9998995065689087,0.9998999238014221,0.9998973608016968,0.9998968243598938,0.9998974204063416,0.9998968243598938,0.9999009370803833,0.9998948574066162,0.9998987317085266,0.9998976588249207,0.9998992085456848,0.9998982548713684,0.9998999238014221,0.999897837638855,0.9998970627784729,0.9998984336853027,0.9998982548713684,0.9998989105224609,0.9998989105224609,0.9998947381973267,0.9998957514762878,0.9998982548713684,0.9998963475227356,0.9998973608016968,0.9998966455459595,0.9998971223831177,0.9998965263366699,0.9998966455459595,0.9998969435691833
35,4.5424957,tensor(0.0136),0.999907910823822,0.999901533126831,0.9999068975448608,0.9999074935913086,0.9999089241027832,0.9999040961265564,0.9999067187309265,0.999901533126831,0.9999040961265564,0.9999028444290161,0.999901294708252,0.9999048113822937,0.9999099969863892,0.9999052882194519,0.9999036192893982,0.9999037384986877,0.9999095797538757,0.9999040365219116,0.9999052286148071,0.999902606010437,0.9999052286148071,0.9999067783355713,0.999907910823822,0.9998976588249207,0.9999052882194519,0.9999033212661743,0.9999043941497803,0.9999008178710938,0.9999032020568848,0.9999046325683594,0.9999064207077026,0.9999046325683594,0.9999051094055176,0.9999064803123474,0.9999034404754639,0.9999051094055176,0.999902606010437,0.9999011158943176,0.9999061822891235,0.9999052882194519,0.9999045133590698,0.9999028444290161,0.9999046921730042,0.9999016523361206,0.9999067783355713,0.9999046921730042,0.9999046921730042,0.9999046325683594,0.9999040365219116,0.9999054074287415,0.9999055862426758,0.9999060034751892,0.9999049305915833,0.9999039173126221,0.9999098777770996,0.9999043345451355,0.9999046325683594,0.9999052882194519,0.9999076128005981,0.9999058842658997,0.9999027252197266,0.9999064803123474,0.9999071359634399,0.9999037384986877,0.9999064207077026,0.9999039173126221,0.9999037981033325,0.9999040365219116,0.9999043345451355,0.9999060034751892,0.9999064803123474,0.9999064803123474,0.9999058246612549,0.9999068975448608,0.9999032020568848,0.9999046921730042,0.9999094009399414,0.9999086856842041,0.999905526638031,0.9999067783355713,0.999904215335846,0.9999025464057922,0.9999046325683594,0.9999049305915833,0.9999064207077026,0.9999039173126221,0.9999074339866638,0.9999046921730042,0.9999045133590698,0.9999070167541504,0.9999049305915833,0.999906599521637,0.9999061226844788,0.9999064207077026,0.9999046325683594,0.999905526638031,0.9999052882194519,0.9999049305915833,0.9999063014984131,0.9999064803123474
36,4.6290174,tensor(0.0139),0.9999123811721802,0.9999125599861145,0.9999129772186279,0.9999119639396667,0.9999107122421265,0.9999135732650757,0.9999147057533264,0.999912679195404,0.9999122619628906,0.999911904335022,0.9999117851257324,0.9999125599861145,0.9999139904975891,0.999911367893219,0.9999138116836548,0.9999104142189026,0.9999116063117981,0.9999117851257324,0.9999104142189026,0.9999107122421265,0.9999122023582458,0.9999116659164429,0.9999122619628906,0.9999086856842041,0.9999099969863892,0.9999135136604309,0.9999104142189026,0.9999127984046936,0.9999116659164429,0.9999145865440369,0.9999131560325623,0.9999125599861145,0.9999159574508667,0.9999129772186279,0.9999147057533264,0.9999086856842041,0.9999116063117981,0.9999138116836548,0.9999122023582458,0.9999130964279175,0.9999138712882996,0.999911904335022,0.999911367893219,0.999911904335022,0.9999135732650757,0.9999128580093384,0.9999136924743652,0.9999127984046936,0.999911904335022,0.9999107718467712,0.9999144077301025,0.999911367893219,0.9999125003814697,0.9999132752418518,0.9999138116836548,0.9999122023582458,0.9999129176139832,0.9999141097068787,0.9999101161956787,0.9999119639396667,0.9999132752418518,0.9999123811721802,0.9999129772186279,0.9999123811721802,0.9999104738235474,0.9999145865440369,0.9999158978462219,0.9999117851257324,0.999909520149231,0.9999128580093384,0.9999145865440369,0.9999107718467712,0.9999117851257324,0.9999162554740906,0.999912679195404,0.9999091029167175,0.999909520149231,0.9999130964279175,0.9999101161956787,0.9999133944511414,0.9999135732650757,0.999911367893219,0.9999150037765503,0.9999136924743652,0.9999116659164429,0.9999128580093384,0.9999122023582458,0.999911367893219,0.9999110698699951,0.9999135732650757,0.9999107718467712,0.999911904335022,0.9999125599861145,0.9999147057533264,0.9999120831489563,0.9999111890792847,0.999912679195404,0.9999096989631653,0.9999098777770996,0.9999098181724548
37,4.7163553,tensor(0.0141),0.9999183416366577,0.9999178647994995,0.9999194741249084,0.9999167919158936,0.9999183416366577,0.9999189972877502,0.9999181628227234,0.9999174475669861,0.9999207854270935,0.9999194741249084,0.9999204874038696,0.999915599822998,0.9999200701713562,0.9999171495437622,0.9999176859855652,0.9999187588691711,0.9999176859855652,0.9999182820320129,0.9999165534973145,0.9999170899391174,0.999916672706604,0.9999185800552368,0.9999186396598816,0.9999172687530518,0.9999182820320129,0.9999169707298279,0.999921977519989,0.9999164938926697,0.99991774559021,0.9999186396598816,0.9999197721481323,0.9999183416366577,0.999919593334198,0.9999167919158936,0.9999174475669861,0.9999200701713562,0.9999183416366577,0.9999204874038696,0.9999209642410278,0.9999182820320129,0.9999175667762756,0.9999179840087891,0.9999161958694458,0.9999189376831055,0.9999181628227234,0.9999184608459473,0.9999199509620667,0.9999169707298279,0.999919056892395,0.9999176859855652,0.9999178647994995,0.99991774559021,0.9999198913574219,0.9999189376831055,0.9999173879623413,0.9999179840087891,0.9999204874038696,0.999921441078186,0.9999157786369324,0.9999193549156189,0.9999175667762756,0.999916672706604,0.9999179840087891,0.9999171495437622,0.9999183416366577,0.9999169707298279,0.9999171495437622,0.9999205470085144,0.999920666217804,0.9999184608459473,0.9999197721481323,0.9999188780784607,0.9999191761016846,0.999919056892395,0.9999231696128845,0.9999194741249084,0.9999180436134338,0.9999169707298279,0.9999186396598816,0.9999209642410278,0.99991774559021,0.9999196529388428,0.9999205470085144,0.9999168515205383,0.9999171495437622,0.9999188780784607,0.9999167919158936,0.9999211430549622,0.9999185800552368,0.9999205470085144,0.9999189376831055,0.9999201893806458,0.9999201893806458,0.9999196529388428,0.9999171495437622,0.9999172687530518,0.9999188780784607,0.9999199509620667,0.9999193549156189,0.9999135732650757
38,4.8045096,tensor(0.0144),0.9999250173568726,0.9999209642410278,0.9999250173568726,0.9999239444732666,0.9999252557754517,0.9999236464500427,0.9999232292175293,0.9999231696128845,0.9999227523803711,0.9999194741249084,0.9999247193336487,0.9999228715896606,0.9999239444732666,0.9999244213104248,0.9999240636825562,0.99992436170578,0.9999229311943054,0.9999236464500427,0.9999221563339233,0.9999244213104248,0.999925434589386,0.9999276399612427,0.9999226331710815,0.9999229311943054,0.9999236464500427,0.9999221563339233,0.9999247193336487,0.9999250769615173,0.9999237656593323,0.9999236464500427,0.9999221563339233,0.9999215602874756,0.9999221563339233,0.9999256730079651,0.9999248385429382,0.9999226331710815,0.9999261498451233,0.9999248385429382,0.999921441078186,0.9999252557754517,0.9999245405197144,0.9999223351478577,0.9999246597290039,0.9999246597290039,0.9999250769615173,0.9999246597290039,0.9999208450317383,0.9999234676361084,0.9999209642410278,0.9999247193336487,0.9999236464500427,0.9999235272407532,0.9999239444732666,0.9999228715896606,0.9999263286590576,0.99992436170578,0.9999240636825562,0.9999237656593323,0.9999263286590576,0.9999247193336487,0.99992436170578,0.9999270439147949,0.999923825263977,0.999921441078186,0.9999232292175293,0.9999225735664368,0.9999244213104248,0.9999272227287292,0.9999233484268188,0.9999212622642517,0.9999222755432129,0.9999244213104248,0.9999239444732666,0.9999244213104248,0.9999224543571472,0.9999225735664368,0.9999237656593323,0.9999249577522278,0.9999228715896606,0.9999235272407532,0.9999225735664368,0.999925434589386,0.9999250769615173,0.9999236464500427,0.9999234676361084,0.9999240636825562,0.9999245405197144,0.9999247193336487,0.9999236464500427,0.9999249577522278,0.9999210834503174,0.9999215602874756,0.9999245405197144,0.99992436170578,0.9999232292175293,0.999923825263977,0.999923825263977,0.9999252557754517,0.9999217391014099,0.99992436170578
39,4.8934803,tensor(0.0147),0.9999305009841919,0.9999286532402039,0.9999274611473083,0.9999289512634277,0.9999324083328247,0.9999284148216248,0.9999277591705322,0.9999293088912964,0.9999291300773621,0.9999285340309143,0.9999271631240845,0.9999275207519531,0.9999303221702576,0.9999294281005859,0.9999304413795471,0.9999292492866516,0.9999292492866516,0.9999281167984009,0.9999301433563232,0.9999311566352844,0.9999289512634277,0.999930739402771,0.9999295473098755,0.9999286532402039,0.9999293088912964,0.9999298453330994,0.9999301433563232,0.9999290108680725,0.9999301433563232,0.9999277591705322,0.9999275207519531,0.9999291300773621,0.9999295473098755,0.9999285340309143,0.999930202960968,0.9999300241470337,0.9999297261238098,0.9999275207519531,0.9999301433563232,0.9999288320541382,0.9999282360076904,0.9999291300773621,0.9999296069145203,0.9999306201934814,0.999925971031189,0.9999279379844666,0.9999325275421143,0.9999280571937561,0.9999308586120605,0.999927818775177,0.9999279379844666,0.9999313354492188,0.999925434589386,0.9999274611473083,0.9999293088912964,0.9999301433563232,0.9999288320541382,0.9999310374259949,0.9999272227287292,0.9999274611473083,0.9999279379844666,0.9999300241470337,0.9999286532402039,0.9999260306358337,0.9999327063560486,0.9999290108680725,0.999930202960968,0.9999277591705322,0.9999297261238098,0.9999285340309143,0.9999288320541382,0.999927818775177,0.9999277591705322,0.9999279379844666,0.9999272227287292,0.9999300241470337,0.9999271631240845,0.9999296069145203,0.9999269247055054,0.9999279379844666,0.9999285340309143,0.9999258518218994,0.9999295473098755,0.9999294281005859,0.9999271631240845,0.9999288320541382,0.9999273419380188,0.9999272227287292,0.999925971031189,0.9999301433563232,0.9999297261238098,0.9999290108680725,0.9999299049377441,0.9999282360076904,0.9999310374259949,0.9999274611473083,0.9999260306358337,0.9999270439147949,0.9999284148216248,0.9999303221702576
40,4.983267,tensor(0.0149),0.9999321103096008,0.9999346137046814,0.9999326467514038,0.9999324083328247,0.9999324083328247,0.9999317526817322,0.9999328255653381,0.9999322295188904,0.9999309182167053,0.9999338388442993,0.9999349117279053,0.9999328255653381,0.9999322295188904,0.9999335408210754,0.9999333024024963,0.999934732913971,0.9999341368675232,0.9999321103096008,0.9999312162399292,0.9999308586120605,0.9999333024024963,0.9999343156814575,0.9999343156814575,0.9999341368675232,0.9999323487281799,0.999932050704956,0.9999326467514038,0.9999330043792725,0.9999343156814575,0.9999337196350098,0.9999334216117859,0.999933123588562,0.9999353885650635,0.9999317526817322,0.9999314546585083,0.999932050704956,0.9999319314956665,0.9999338388442993,0.9999326467514038,0.9999341368675232,0.9999313354492188,0.9999330043792725,0.9999337196350098,0.999930739402771,0.9999333024024963,0.9999328255653381,0.9999332427978516,0.9999341368675232,0.9999313354492188,0.9999338984489441,0.9999334216117859,0.9999316334724426,0.9999328255653381,0.9999324083328247,0.9999322295188904,0.9999324083328247,0.9999315142631531,0.9999323487281799,0.9999337196350098,0.9999325275421143,0.9999317526817322,0.9999335408210754,0.9999341368675232,0.9999308586120605,0.9999337196350098,0.999932050704956,0.9999322295188904,0.9999321103096008,0.9999316334724426,0.9999358057975769,0.9999330043792725,0.9999341368675232,0.9999315142631531,0.9999338388442993,0.9999338984489441,0.9999333024024963,0.9999341368675232,0.9999332427978516,0.999931812286377,0.9999322295188904,0.9999336004257202,0.9999334216117859,0.9999332427978516,0.999933123588562,0.9999337196350098,0.9999335408210754,0.999935507774353,0.9999338984489441,0.9999337196350098,0.9999341368675232,0.9999347925186157,0.9999329447746277,0.9999314546585083,0.9999333024024963,0.9999334216117859,0.9999333024024963,0.9999325275421143,0.9999343156814575,0.999934732913971,0.9999341368675232
