,oversampling_ratio,repeat0,repeat1,repeat2,repeat3,repeat4,repeat5,repeat6,repeat7,repeat8,repeat9,repeat10,repeat11,repeat12,repeat13,repeat14,repeat15,repeat16,repeat17,repeat18,repeat19,repeat20,repeat21,repeat22,repeat23,repeat24,repeat25,repeat26,repeat27,repeat28,repeat29,repeat30,repeat31,repeat32,repeat33,repeat34,repeat35,repeat36,repeat37,repeat38,repeat39,repeat40,repeat41,repeat42,repeat43,repeat44,repeat45,repeat46,repeat47,repeat48,repeat49,repeat50,repeat51,repeat52,repeat53,repeat54,repeat55,repeat56,repeat57,repeat58,repeat59,repeat60,repeat61,repeat62,repeat63,repeat64,repeat65,repeat66,repeat67,repeat68,repeat69,repeat70,repeat71,repeat72,repeat73,repeat74,repeat75,repeat76,repeat77,repeat78,repeat79,repeat80,repeat81,repeat82,repeat83,repeat84,repeat85,repeat86,repeat87,repeat88,repeat89,repeat90,repeat91,repeat92,repeat93,repeat94,repeat95,repeat96,repeat97,repeat98,repeat99
0,1.0,0.034306660294532776,0.03312339261174202,0.030957618728280067,0.031172992661595345,0.030301256105303764,0.03467147424817085,0.032170116901397705,0.032738734036684036,0.03127901628613472,0.022576896473765373,0.030391136184334755,0.0475730262696743,0.034162379801273346,0.035832300782203674,0.034593209624290466,0.03020455688238144,0.03161889687180519,0.029942478984594345,0.0344916470348835,0.03504188358783722,0.03601939603686333,0.02245335839688778,0.03296574577689171,0.031448137015104294,0.031156349927186966,0.033363908529281616,0.034421585500240326,0.03371167182922363,0.03418978303670883,0.027816474437713623,0.03475268557667732,0.03589953854680061,0.035301197320222855,0.03192875161767006,0.03429195657372475,0.03504456207156181,0.0323803685605526,0.03229846805334091,0.030534667894244194,0.00850052572786808,0.012246852740645409,0.03421531245112419,0.03347531706094742,0.0317193977534771,0.0405711904168129,0.029774149879813194,0.03473014384508133,0.030641045421361923,0.036629412323236465,0.032467711716890335,0.04507722333073616,0.03127726539969444,0.03957853466272354,0.0395905002951622,0.031879574060440063,0.03174025937914848,0.03650198131799698,0.03313840180635452,0.030871884897351265,0.02617218717932701,0.031798478215932846,0.03592804819345474,0.030231943354010582,0.03154666721820831,0.018533874303102493,0.028996046632528305,0.03131364285945892,0.03492441028356552,0.031057467684149742,0.02874605916440487,0.03268701210618019,0.031527575105428696,0.03322108834981918,0.030345002189278603,0.03678366541862488,0.03509228304028511,0.0327611044049263,0.03013794869184494,0.02988099493086338,0.03071519546210766,0.031391680240631104,0.033008038997650146,0.03130711242556572,0.030406784266233444,0.027384767308831215,0.03136029094457626,0.030714841559529305,0.0404491052031517,0.018464719876646996,0.042822226881980896,0.03146279975771904,0.038623057305812836,0.03568725660443306,0.03262418508529663,0.033741407096385956,0.03681055083870888,0.03376409038901329,0.026631349697709084,0.032633401453495026,0.03413623198866844
1,1.0634766,0.022357119247317314,0.031500738114118576,0.01748458854854107,0.025153741240501404,0.028146110475063324,0.020143961533904076,0.052681814879179,0.032916583120822906,0.039340000599622726,0.029988721013069153,0.040056806057691574,0.029645387083292007,0.024691831320524216,0.04233785346150398,0.032294370234012604,0.034346338361501694,0.0297024454921484,0.03291592746973038,0.03634389489889145,0.030851399526000023,0.016781417652964592,0.036705583333969116,0.015316948294639587,0.026567358523607254,0.03565788269042969,0.03423849865794182,0.018048537895083427,0.036384161561727524,0.033379267901182175,0.034530170261859894,0.015543876215815544,0.03949827700853348,0.01796755939722061,0.03317226096987724,0.030792037025094032,0.03202633187174797,0.04029286280274391,0.04275599867105484,0.027512865141034126,0.029767833650112152,0.023678584024310112,0.03580796718597412,0.024462638422846794,0.030119536444544792,0.022394197061657906,0.03439263254404068,0.03237069770693779,0.02954663708806038,0.013985928148031235,0.040524665266275406,0.040911778807640076,0.02557637169957161,0.02189897559583187,0.0338415652513504,0.02226105146110058,0.034758854657411575,0.022513961419463158,0.04182936251163483,0.039139796048402786,0.021308299154043198,0.028857018798589706,0.03913324326276779,0.01297834888100624,0.029831476509571075,0.025504909455776215,0.027413930743932724,0.048241935670375824,0.05576369911432266,0.03360990434885025,0.03413807600736618,0.031102007254958153,0.03958703204989433,0.04316243156790733,0.03581419587135315,0.0378091037273407,0.032465532422065735,0.021147163584828377,0.03023700974881649,0.026814797893166542,0.04313299059867859,0.039009422063827515,0.048163387924432755,0.02725057303905487,0.023813501000404358,0.024056991562247276,0.051743801683187485,0.02938375435769558,0.022669708356261253,0.03568384051322937,0.03085555136203766,0.035716209560632706,0.03570074215531349,0.03168151527643204,0.03271176666021347,0.02122844196856022,0.04013090580701828,0.043794892728328705,0.01578633114695549,0.03848500922322273,0.03592328727245331
2,1.1289062,0.037002082914114,0.041412364691495895,0.01808474399149418,0.02159695513546467,0.027454381808638573,0.03241213783621788,0.040762126445770264,0.020810160785913467,0.04855169728398323,0.046018440276384354,0.044736891984939575,0.03213706240057945,0.031340114772319794,0.038249362260103226,0.036937251687049866,0.04806124046444893,0.00890617910772562,0.024388566613197327,0.03085813857614994,0.05481128767132759,0.00762435607612133,0.028630198910832405,0.042812857776880264,0.018640555441379547,0.019575633108615875,0.024263475090265274,0.018533075228333473,0.03052959404885769,0.038194917142391205,0.030287770554423332,0.02166907675564289,0.017658041790127754,0.016554459929466248,0.015754371881484985,0.04511396586894989,0.015192816965281963,0.03607362508773804,0.020110739395022392,0.030313944444060326,0.020083654671907425,0.03244080767035484,0.016941215842962265,0.022061064839363098,0.02690102532505989,0.016384080052375793,0.03680232912302017,0.0275874026119709,0.03885878622531891,0.03226214274764061,0.043876178562641144,0.039443306624889374,0.02550015039741993,0.048873525112867355,0.03793727606534958,0.02750987559556961,0.031574226915836334,0.019534360617399216,0.03811957314610481,0.05955337733030319,0.04871587082743645,0.027900058776140213,0.034316450357437134,0.03155118227005005,0.047585781663656235,0.05355250835418701,0.045503269881010056,0.015133452601730824,0.030899031087756157,0.0290689617395401,0.026829784736037254,0.0394720658659935,0.035135459154844284,0.024534186348319054,0.03952523320913315,0.026043903082609177,0.024359241127967834,0.005718825850635767,0.020165856927633286,0.06350687891244888,0.03601463884115219,0.0340106301009655,0.038129035383462906,0.02925296686589718,0.028133714571595192,0.018729224801063538,0.03575580194592476,0.030878964811563492,0.044662922620773315,0.023657729849219322,0.025599690154194832,0.029643718153238297,0.03110457956790924,0.045427173376083374,0.02189508266746998,0.046925365924835205,0.038183409720659256,0.0328095480799675,0.008064419962465763,0.04365568980574608,0.04188838228583336
3,1.1962891,0.018852325156331062,0.04772692173719406,0.013631567358970642,0.018982945010066032,0.03934994339942932,0.037575867027044296,0.016392361372709274,0.01230339240282774,0.04150652512907982,0.034506700932979584,0.028106456622481346,0.014240042306482792,0.021142933517694473,0.016462117433547974,0.03757833316922188,0.02671739086508751,0.028835013508796692,0.035156793892383575,0.013395245186984539,0.031081877648830414,0.011571844108402729,0.03946563974022865,0.04154539853334427,0.04537405073642731,0.04506858065724373,0.026251161471009254,0.03337075933814049,0.0057024224661290646,0.04285425320267677,0.02469056472182274,0.0285765640437603,0.02653828263282776,0.03919712454080582,0.03511826694011688,0.023021869361400604,0.0367756150662899,0.019192883744835854,0.06329911202192307,0.025811312720179558,0.02719433605670929,0.05504341050982475,0.01541819702833891,0.09377352893352509,0.02643413282930851,0.036996133625507355,0.02026893012225628,0.014030339196324348,0.037843819707632065,0.04868953302502632,0.0393250547349453,0.012897958979010582,0.022372039034962654,0.009551354683935642,0.06643761694431305,0.0417623370885849,0.01776919513940811,0.026941528543829918,0.04644026979804039,0.0187227800488472,0.030126012861728668,0.0065864864736795425,0.042733315378427505,0.026449434459209442,0.03698667511343956,0.026865176856517792,0.013704820536077023,0.0396871455013752,0.03244921192526817,0.04971935227513313,0.02339739352464676,0.012432794086635113,0.012420374900102615,0.0009172884747385979,0.0544881708920002,0.009585447609424591,0.026121506467461586,0.03967240825295448,0.02269497886300087,0.03647804260253906,0.013057544827461243,0.0480058379471302,0.014808290638029575,0.024914594367146492,0.037703122943639755,0.008820721879601479,0.030954452231526375,0.02333957329392433,0.046192467212677,0.04636544734239578,0.04208029806613922,0.04802418500185013,0.02647678181529045,0.022655004635453224,0.02094673365354538,0.014442486688494682,0.012573051266372204,0.017186090350151062,0.022578975185751915,0.030351433902978897,0.04343677684664726
4,1.265625,0.04959265887737274,0.027947064489126205,0.012283877469599247,0.0195031575858593,0.026818441227078438,0.019111640751361847,0.023247091099619865,0.02877677232027054,0.061437588185071945,0.018925542011857033,0.03411652147769928,0.02654482051730156,0.05779732018709183,0.0551883801817894,0.06573492288589478,0.019135601818561554,0.029519379138946533,0.029368439689278603,0.011797809042036533,0.04894126579165459,0.005232334136962891,0.04909993335604668,0.05106046050786972,0.0054650213569402695,0.029406793415546417,0.065503790974617,0.018192876130342484,0.015694431960582733,0.02840154431760311,0.01647060364484787,0.0359075553715229,0.014490736648440361,0.043000075966119766,0.0508328452706337,0.02057003229856491,0.043543752282857895,0.04265253245830536,0.04127799719572067,0.008820057846605778,0.043963029980659485,0.05324234813451767,0.028137730434536934,0.03448137268424034,0.059034645557403564,0.017913969233632088,0.016396796330809593,0.06446395069360733,0.0452127605676651,0.05084345117211342,0.013115785084664822,0.02865167148411274,0.012876872904598713,0.05994035303592682,0.05219331383705139,0.06327345967292786,0.01157433446496725,0.054058823734521866,0.015263896435499191,0.01443447545170784,0.030862774699926376,0.008303611539304256,0.04655422270298004,0.05472429841756821,0.040031448006629944,0.02551112323999405,0.008714689873158932,0.060925789177417755,0.02195499837398529,0.035348061472177505,0.05190861225128174,0.1015944704413414,0.02779790759086609,0.01532668061554432,0.039812635630369186,0.06424007564783096,0.05273842439055443,0.05212296172976494,0.012665706686675549,0.03151889517903328,0.07702101022005081,0.03967773914337158,0.02598315104842186,0.033241938799619675,0.029034921899437904,0.042382944375276566,0.035991210490465164,0.016899174079298973,0.02291949838399887,0.06537472456693649,0.034006644040346146,0.045869335532188416,0.03830764815211296,0.02327045239508152,0.014861108735203743,0.05228668451309204,0.036832671612501144,0.04285610467195511,0.02989104390144348,0.028809083625674248,0.039078205823898315
5,1.3369141,0.057739436626434326,0.0411376953125,0.006063805427402258,0.028969071805477142,0.014518164098262787,0.055722132325172424,0.04736579954624176,0.03983539715409279,0.02315497025847435,0.047783054411411285,0.012274367734789848,0.006577161140739918,0.016468022018671036,0.05684830620884895,0.016310114413499832,0.062181297689676285,0.028770849108695984,0.022540340200066566,0.029508329927921295,0.022602446377277374,0.04068860039114952,0.04209716245532036,0.05163359269499779,0.044525839388370514,0.02724827639758587,0.05358927696943283,0.05498182401061058,0.01824171654880047,0.038430146872997284,0.03541691601276398,0.044726453721523285,0.009222361259162426,0.035319238901138306,0.011818342842161655,0.028618864715099335,0.011569812893867493,0.06926240772008896,0.031727567315101624,0.014155235141515732,0.020087886601686478,0.031276922672986984,0.04674575850367546,0.016161322593688965,0.03164973482489586,0.02336600236594677,0.046793434768915176,0.02261277846992016,0.049745988100767136,0.04699161648750305,0.020576639100909233,0.03763524442911148,0.06700976192951202,0.035361398011446,0.060094770044088364,0.054836492985486984,0.04337264969944954,0.005259313154965639,0.04636583849787712,0.10929732769727707,0.05834811553359032,0.02691548876464367,0.024146003648638725,0.007934590801596642,0.04601110517978668,0.03288520500063896,0.05316285043954849,0.05620087310671806,0.05293142795562744,0.06079373508691788,0.02357669547200203,0.008271967992186546,0.029780516400933266,0.04085636883974075,0.03923256695270538,0.03545128181576729,0.04540017992258072,0.006316488143056631,0.012503000907599926,0.022687165066599846,0.012381288222968578,0.03807612881064415,0.003095086431130767,0.030139975249767303,0.04205143079161644,0.02548483945429325,0.02642643079161644,0.03212534636259079,0.023946000263094902,0.017221814021468163,0.025935599580407143,0.054894208908081055,0.00480678491294384,0.02166730910539627,0.057078585028648376,0.05092744529247284,0.014360502362251282,0.0194601621478796,0.03883941099047661,0.01994764804840088,0.02053746022284031
6,1.4101562,0.020603135228157043,0.06830848753452301,0.06385026127099991,0.05982867628335953,0.02567256987094879,0.0452202744781971,0.052902448922395706,0.022572066634893417,0.06077003479003906,0.03449299558997154,0.021028582006692886,0.055701807141304016,0.056095074862241745,0.03929943963885307,0.04069756343960762,0.03171839565038681,0.017251649871468544,0.036862920969724655,0.03513277694582939,0.03628658875823021,0.004023054149001837,0.027065420523285866,0.03783432021737099,0.06608076393604279,0.03781239688396454,0.013995063491165638,0.048808325082063675,0.07640670984983444,0.014295944944024086,0.031503718346357346,0.050647906959056854,0.05864367261528969,0.039568714797496796,0.07015611976385117,0.033428292721509933,0.02225455269217491,0.02811049483716488,0.020992007106542587,0.03359083831310272,0.04179934412240982,0.01692737638950348,0.034323759377002716,0.02721138671040535,0.02220984920859337,0.009913739748299122,0.016883615404367447,0.028048913925886154,0.03392989560961723,0.01276937685906887,0.019548898562788963,0.05860508605837822,0.09513626247644424,0.08430536836385727,0.04272516444325447,0.04864553362131119,0.04974880814552307,0.025057286024093628,0.017484162002801895,0.06185043975710869,0.04854743182659149,0.0473875030875206,0.028265809640288353,0.013329802080988884,0.038332678377628326,0.0553165040910244,0.015520020388066769,0.027670076116919518,0.033401597291231155,0.026698507368564606,0.039635591208934784,0.03172018378973007,0.010562640614807606,0.08803697675466537,0.02169249951839447,0.014726870693266392,0.06273777782917023,0.036294031888246536,0.03267093002796173,0.02582721784710884,0.018691321834921837,0.01387111097574234,0.029573164880275726,0.027741651982069016,0.06696409732103348,0.09383103251457214,0.006507618352770805,0.013766258955001831,0.02048301324248314,0.0046678646467626095,0.03468814492225647,0.06294041872024536,0.01364734023809433,0.018529441207647324,0.009914812631905079,0.037137195467948914,0.010588233359158039,0.049049921333789825,0.026429101824760437,0.02661881409585476,0.06966882944107056
7,1.4853516,0.01039934903383255,0.07184202969074249,0.024716360494494438,0.058469828218221664,0.019234150648117065,0.0836869552731514,0.019187165424227715,0.031909629702568054,0.02300115115940571,0.05472337827086449,0.08506651967763901,0.031015444546937943,0.029128292575478554,0.04205881804227829,0.03425973281264305,0.033151775598526,0.03635468706488609,0.029628591611981392,0.059368934482336044,0.007756188046187162,0.05783035233616829,0.023722728714346886,0.030807137489318848,0.01632494106888771,0.03102623112499714,0.047032006084918976,0.04324193671345711,0.08090518414974213,0.049248576164245605,0.011941109783947468,0.008982999250292778,0.037067774683237076,0.059989988803863525,0.04505489394068718,0.009958801791071892,0.0721181333065033,0.0554036982357502,0.05893127620220184,0.005080862902104855,0.061859700828790665,0.02704530768096447,0.047228261828422546,0.08053326606750488,0.014364277943968773,0.06392285227775574,0.02040080912411213,0.020571036264300346,0.07045303285121918,0.04133429378271103,0.04087501019239426,0.03488897159695625,0.029592251405119896,0.07612108439207077,0.015856387093663216,0.03396116569638252,0.010905335657298565,0.015645982697606087,0.021151861175894737,0.01609184220433235,0.02151845581829548,0.03481346368789673,0.09178094565868378,0.0388214997947216,0.08909399807453156,0.023830385878682137,0.036141760647296906,0.08357315510511398,0.044813428074121475,0.12534569203853607,0.03718796372413635,0.05385730043053627,0.05643467232584953,0.047555383294820786,0.009824240580201149,0.08199015259742737,0.04856833070516586,0.0062192161567509174,0.06466122716665268,0.02651323191821575,0.03008243627846241,0.008967079222202301,0.00508840149268508,0.024335095658898354,0.0594189278781414,0.020433660596609116,0.061409272253513336,0.025212639942765236,0.03355108201503754,0.020420439541339874,0.06158158555626869,0.04023076593875885,0.02112727053463459,0.028842449188232422,0.046161022037267685,0.07756906747817993,0.014630367048084736,0.0037167477421462536,0.03594038635492325,0.01634039729833603,0.08151181787252426
8,1.5625,0.0919850617647171,0.025252019986510277,0.03702116757631302,0.09590507298707962,0.009982399642467499,0.013849673792719841,0.0471019372344017,0.04559905454516411,0.015016386285424232,0.046461526304483414,0.06542026996612549,0.029067296534776688,0.04446033388376236,0.017520805820822716,0.022429633885622025,0.05655113607645035,0.03251899033784866,0.031194131821393967,0.006552432663738728,0.021927738562226295,0.03893674910068512,0.09194068610668182,0.03607688471674919,0.022118665277957916,0.043454449623823166,0.027381792664527893,0.01637345924973488,0.07032874971628189,0.014213541522622108,0.06124810129404068,0.02245408110320568,0.016410816460847855,0.013261796906590462,0.061241962015628815,0.02155156061053276,0.034723542630672455,0.021417200565338135,0.05264311283826828,0.03254368156194687,0.03805691376328468,0.017445692792534828,0.03404901549220085,0.05338932201266289,0.024023588746786118,0.043996259570121765,0.09231342375278473,0.02795947715640068,0.008914665319025517,0.03216879814863205,0.04557837173342705,0.042068175971508026,0.008587449789047241,0.0242732185870409,0.09198780357837677,0.11026575416326523,0.013178998604416847,0.07381857186555862,0.022787287831306458,0.10396232455968857,0.03195769339799881,0.055144019424915314,0.028935855254530907,0.04882015287876129,0.06289653480052948,0.058386556804180145,0.001541027333587408,0.01992657780647278,0.04197276011109352,0.0276296678930521,0.01749427802860737,0.005651229992508888,0.006442382466048002,0.019846176728606224,0.07013995945453644,0.016003543511033058,0.013445138931274414,0.03655366972088814,0.06606528908014297,0.07212620228528976,0.055829692631959915,0.09381111711263657,0.012093432247638702,0.09350212663412094,0.03485863283276558,0.06495353579521179,0.08090586960315704,0.0442054346203804,0.09026302397251129,0.03219565376639366,0.002740763360634446,0.029448766261339188,0.006568833254277706,0.10199318826198578,0.019156688824295998,0.009941398166120052,0.007230835501104593,0.031564097851514816,0.04341400787234306,0.008603964932262897,0.007203889545053244
9,1.6416016,0.02107989974319935,0.051588620990514755,0.05969212204217911,0.01567654497921467,0.002252348931506276,0.02247268706560135,0.0374552421271801,0.020598245784640312,0.05941303074359894,0.09288868308067322,0.0020343533251434565,0.060900311917066574,0.02360968105494976,0.02451188676059246,0.0350765734910965,0.010890168137848377,0.0062768119387328625,0.047463320195674896,0.03164823725819588,0.03930975869297981,0.11592672020196915,0.0296843983232975,0.022678250446915627,0.01842663250863552,0.04582884535193443,0.027482174336910248,0.01047586090862751,0.040527284145355225,0.011139803566038609,0.037237830460071564,0.0655612051486969,0.01020264346152544,0.05051877349615097,0.08502527326345444,0.0506620816886425,0.0615471750497818,0.053901415318250656,0.06089901179075241,0.021623661741614342,0.0429328978061676,0.07350751012563705,0.015016388148069382,0.0645451620221138,0.08433040231466293,0.06464718282222748,0.01863790675997734,0.09569600969552994,0.037127744406461716,0.0511288046836853,0.04441465809941292,0.03565831482410431,0.09557098150253296,0.03163943439722061,0.13008730113506317,0.025379326194524765,0.037845924496650696,0.07762934267520905,0.09537020325660706,0.05371677502989769,0.03103063441812992,0.0334894172847271,0.002997271716594696,0.03932107985019684,0.14032821357250214,0.018397293984889984,0.02301609516143799,0.0649418979883194,0.018263215199112892,0.01009299699217081,0.06641419231891632,0.008031985722482204,0.05589814484119415,0.08521992713212967,0.021794980391860008,0.03260774165391922,0.03187645599246025,0.0216510072350502,0.030220555141568184,0.0360134020447731,0.027363451197743416,0.016366997733712196,0.04101575165987015,0.06716754287481308,0.011183345690369606,0.12861545383930206,0.027212195098400116,0.07816708832979202,0.012792244553565979,0.007801034953445196,0.024091770872473717,0.04391532763838768,0.014941267669200897,0.01629636250436306,0.058501213788986206,0.03596779331564903,0.008006282150745392,0.03131558373570442,0.06339694559574127,0.02061053365468979,0.009781280532479286
10,1.7226562,0.04947134852409363,0.028499143198132515,0.07513988763093948,0.024434944614768028,0.08216026425361633,0.10713765770196915,0.027789082378149033,0.00956308376044035,0.06728559732437134,0.029586905613541603,0.025823982432484627,0.030695129185914993,0.06174689158797264,0.0936138778924942,0.044210586696863174,0.09548690170049667,0.04121028631925583,0.032107606530189514,0.02672470733523369,0.014526786282658577,0.0771079808473587,0.04389852657914162,0.02667463943362236,0.006123450584709644,0.01386769488453865,0.03225453197956085,0.024874763563275337,0.04190546274185181,0.1619102656841278,0.15593451261520386,0.12503349781036377,0.026013603433966637,0.03183475136756897,0.04258245229721069,0.07428354769945145,0.06051251292228699,0.04477245360612869,0.00651149544864893,0.017646662890911102,0.024092216044664383,0.017609188333153725,0.04105634614825249,0.020325319841504097,0.056493956595659256,0.12064888328313828,0.018370654433965683,0.05751879885792732,0.015959272161126137,0.01865014061331749,0.04498134180903435,0.012067615985870361,0.0635373517870903,0.017216581851243973,0.04832128807902336,0.017568856477737427,0.013489593751728535,0.04526052251458168,0.05168696865439415,0.05865256488323212,0.0317276306450367,0.05304217338562012,0.0279499851167202,0.032131560146808624,0.028730574995279312,0.01275914441794157,0.05489826947450638,0.017874393612146378,0.04140551760792732,0.0287365410476923,0.028742840513586998,0.03245566412806511,0.06461942940950394,0.07581759989261627,0.050240494310855865,0.025415722280740738,0.031632352620363235,0.024833258241415024,0.07364139705896378,0.0626455768942833,0.042623598128557205,0.07801180332899094,0.04712603613734245,0.0326397567987442,0.09500272572040558,0.05952912196516991,0.07705143094062805,0.02532128430902958,0.29373979568481445,0.10735867917537689,0.15261560678482056,0.09397684782743454,0.06399720907211304,0.06887581944465637,0.024896327406167984,0.04141223803162575,0.032549768686294556,0.03181393817067146,0.16215947270393372,0.17664940655231476,0.01939391903579235
11,1.8056641,0.006869154516607523,0.07083710283041,0.01739679090678692,0.0979916900396347,0.022129148244857788,0.004311323631554842,0.02285616472363472,0.031797636300325394,0.09532467275857925,0.020188963040709496,0.09359512478113174,0.03623238950967789,0.06540101766586304,0.032525621354579926,0.02934146672487259,0.03700735419988632,0.028258465230464935,0.08901166915893555,0.17299045622348785,0.030530720949172974,0.09593766182661057,0.008483471348881721,0.09424902498722076,0.026448823511600494,0.04828028753399849,0.06704892963171005,0.03264594450592995,0.029787717387080193,0.02288941666483879,0.009146173484623432,0.06556317210197449,0.09358952939510345,0.0031895616557449102,0.02078365720808506,0.09847595542669296,0.030389245599508286,0.011705495417118073,0.013064890168607235,0.05378999188542366,0.043030962347984314,0.07484961301088333,0.03810622915625572,0.1210886687040329,0.023494457826018333,0.037334222346544266,0.031424667686223984,0.10230401158332825,0.03176405653357506,0.02005409076809883,0.053819168359041214,0.13537061214447021,0.04838100075721741,0.06477811932563782,0.09639851003885269,0.08191081881523132,0.02546149119734764,0.0970243439078331,0.06246764212846756,0.0683523640036583,0.018717579543590546,0.03863123804330826,0.14028842747211456,0.06782617419958115,0.04792378842830658,0.04910846799612045,0.028636274859309196,0.06460496038198471,0.04219760373234749,0.0999174639582634,0.023347480222582817,0.06006592512130737,0.15447407960891724,0.01733947917819023,0.03729443624615669,0.036901745945215225,0.043871257454156876,0.013204685412347317,0.0850888267159462,0.02765451744198799,0.02313108928501606,0.07090010493993759,0.012107049115002155,0.02105492167174816,0.04006687551736832,0.03810226172208786,0.12202814221382141,0.021649394184350967,0.18072634935379028,0.06777822971343994,0.02654642052948475,0.020236318930983543,0.07342022657394409,0.05891804397106171,0.06555387377738953,0.056030042469501495,0.05998622998595238,0.01726124808192253,0.12919610738754272,0.08311642706394196,0.026947207748889923
12,1.890625,0.01641945354640484,0.03755498304963112,0.002536601619794965,0.015800414606928825,0.10339523106813431,0.04003126174211502,0.012492728419601917,0.10815688967704773,0.04883179813623428,0.07749582082033157,0.02771648019552231,0.09754376113414764,0.04409578815102577,0.1670539528131485,0.0638253390789032,0.058664727956056595,0.03220660239458084,0.13073311746120453,0.03131036087870598,0.12925708293914795,0.03428978845477104,0.014199335128068924,0.04273320734500885,0.01435629092156887,0.0597623810172081,0.036534711718559265,0.0732790008187294,0.03560902923345566,0.04441750422120094,0.031169233843684196,0.02930043451488018,0.12428119778633118,0.08662872016429901,0.00656064273789525,0.038347553461790085,0.004402410238981247,0.06958864629268646,0.08004222810268402,0.039179034531116486,0.05880596861243248,0.04680361598730087,0.04989306628704071,0.04543320834636688,0.03470075875520706,0.09208037704229355,0.12421660125255585,0.09763935953378677,0.012617931701242924,0.04404835402965546,0.10082918405532837,0.11403579264879227,0.07060091197490692,0.024078048765659332,0.032057031989097595,0.0858030617237091,0.022603116929531097,0.03045821003615856,0.10648100823163986,0.1033160388469696,0.07070916146039963,0.2105761617422104,0.09681098908185959,0.14352291822433472,0.07731335610151291,0.0747959315776825,0.17865070700645447,0.10962500423192978,0.06441812217235565,0.06051729992032051,0.024644263088703156,0.05080120638012886,0.32109740376472473,0.011571296490728855,0.06616102159023285,0.14333868026733398,0.07252410799264908,0.2158288061618805,0.05889954790472984,0.07526285201311111,0.031120801344513893,0.03859734907746315,0.03689020872116089,0.13000787794589996,0.13706572353839874,0.07381033152341843,0.23840278387069702,0.04871993139386177,0.09401825070381165,0.024175697937607765,0.00700495857745409,0.04138394817709923,0.04125256836414337,0.04390255734324455,0.0988646000623703,0.02290288172662258,0.08085251599550247,0.037404850125312805,0.07038494199514389,0.09663841873407364,0.009786399081349373
13,1.9775391,0.0231655053794384,0.10407312214374542,0.034983713179826736,0.04874937981367111,0.027031313627958298,0.057261593639850616,0.039639778435230255,0.028744883835315704,0.039221279323101044,0.04209325090050697,0.036430273205041885,0.034612663090229034,0.17100796103477478,0.12400653958320618,0.04636184498667717,0.021568315103650093,0.03138154372572899,0.022023994475603104,0.12827913463115692,0.034125301986932755,0.01746659353375435,0.09732058644294739,0.05390465632081032,0.11173176020383835,0.09851756691932678,0.04785590246319771,0.007470997981727123,0.07067662477493286,0.05038416013121605,0.045026976615190506,0.05478810518980026,0.02162623219192028,0.11373555660247803,0.015059288591146469,0.007547381799668074,0.03620331361889839,0.021358639001846313,0.03590409830212593,0.042486242949962616,0.02228895016014576,0.07440034300088882,0.031716328114271164,0.062082137912511826,0.030203472822904587,0.045832857489585876,0.08930226415395737,0.059898216277360916,0.4193638563156128,0.09498612582683563,0.05295786261558533,0.09644760191440582,0.04489622637629509,0.0241918433457613,0.02351589873433113,0.03615979850292206,0.012631572782993317,0.022860219702124596,0.11086935549974442,0.1270938515663147,0.06718869507312775,0.030171837657690048,0.004114785231649876,0.07211735844612122,0.027738308534026146,0.17161893844604492,0.026142733171582222,0.014066947624087334,0.032406724989414215,0.056351885199546814,0.06559653580188751,0.042767591774463654,0.15042617917060852,0.0505104698240757,0.006830924656242132,0.09402437508106232,0.2520422339439392,0.13697847723960876,0.09714176505804062,0.05641794577240944,0.08363308012485504,0.01686723716557026,0.06473663449287415,0.07020904123783112,0.08507111668586731,0.122749924659729,0.3064030408859253,0.032882604748010635,0.034222573041915894,0.05108237266540527,0.28647083044052124,0.09779758751392365,0.07950824499130249,0.026930030435323715,0.022342799231410027,0.0384896844625473,0.0757346898317337,0.03961475193500519,0.04137135297060013,0.05438767001032829,0.05173535272479057
14,2.0664062,0.023683184757828712,0.034791264683008194,0.03416099771857262,0.3181104362010956,0.11976218223571777,0.13798783719539642,0.07126525789499283,0.08375869691371918,0.05435127764940262,0.054226215928792953,0.14069195091724396,0.08402392268180847,0.10684117674827576,0.04467074200510979,0.029590247198939323,0.044576048851013184,0.15607605874538422,0.021198488771915436,0.11803878843784332,0.029376575723290443,0.01932123489677906,0.29224106669425964,0.03326280042529106,0.03743661940097809,0.03208845481276512,0.09564133733510971,0.29689088463783264,0.21548143029212952,0.031400810927152634,0.03782825544476509,0.02117939293384552,0.0820426195859909,0.013016206212341785,0.029019257053732872,0.30513444542884827,0.0075910803861916065,0.05138958618044853,0.030086848884820938,0.07718959450721741,0.041819170117378235,0.08718501776456833,0.019783060997724533,0.04481424763798714,0.0834522396326065,0.07971547544002533,0.050988201051950455,0.014155298471450806,0.052181731909513474,0.019627705216407776,0.0769449844956398,0.36094897985458374,0.025889195501804352,0.14668476581573486,0.018115948885679245,0.030937418341636658,0.02586185373365879,0.0620260015130043,0.11250994354486465,0.07580475509166718,0.03879218176007271,0.056712549179792404,0.06155015155673027,0.05889537185430527,0.1049102321267128,0.13318456709384918,0.10645794123411179,0.08541040122509003,0.02696128562092781,0.0345999039709568,0.03694118186831474,0.04526524990797043,0.0800362378358841,0.06742873042821884,0.043754659593105316,0.06157267093658447,0.05660924315452576,0.07122089713811874,0.20630833506584167,0.00632012914866209,0.2996891438961029,0.10983705520629883,0.02083692140877247,0.067355215549469,0.07781063765287399,0.0496504083275795,0.07845000922679901,0.04337187856435776,0.10597773641347885,0.24688149988651276,0.10085752606391907,0.07475113868713379,0.038798775523900986,0.4219786524772644,0.03531559556722641,0.04350001737475395,0.04796146973967552,0.10101880878210068,0.12467452883720398,0.012352182529866695,0.10129668563604355
15,2.1572266,0.17237156629562378,0.06867662072181702,0.040653206408023834,0.06435004621744156,0.1587935984134674,0.26907989382743835,0.006687702611088753,0.020558293908834457,0.17979267239570618,0.027481038123369217,0.05032859742641449,0.16191323101520538,0.0353504903614521,0.041024256497621536,0.048855748027563095,0.20537005364894867,0.02232273295521736,0.04639507830142975,0.10339592397212982,0.24621480703353882,0.03707311674952507,0.03563273325562477,0.02736360765993595,0.07688208669424057,0.11206480115652084,0.0475749596953392,0.1826491355895996,0.07494337856769562,0.022412775084376335,0.042576637119054794,0.11516746878623962,0.1624724268913269,0.4501010775566101,0.04064696282148361,0.08455145359039307,0.026003459468483925,0.015810800716280937,0.06429367512464523,0.36779314279556274,0.3320721983909607,0.2171800136566162,0.25688186287879944,0.10067350417375565,0.006778690963983536,0.07771959900856018,0.4149974584579468,0.13045082986354828,0.19730469584465027,0.049040280282497406,0.12854470312595367,0.4995823800563812,0.1443081945180893,0.061349593102931976,0.07430387288331985,0.0680512934923172,0.0488111674785614,0.10429494827985764,0.06016376614570618,0.05558032914996147,0.23700426518917084,0.16024062037467957,0.09023961424827576,0.021671975031495094,0.10920678824186325,0.17011547088623047,0.012731244787573814,0.06261378526687622,0.06265120953321457,0.05727827176451683,0.06965663284063339,0.07414435595273972,0.03039967454969883,0.2621651887893677,0.2753639817237854,0.13193705677986145,0.0267426036298275,0.02403511106967926,0.06178949773311615,0.1369699388742447,0.15647290647029877,0.3360027074813843,0.2534449100494385,0.12558922171592712,0.22920972108840942,0.084222212433815,0.023355837911367416,0.14491261541843414,0.03271486610174179,0.03419110178947449,0.12234405428171158,0.3472886383533478,0.07812964916229248,0.032275985926389694,0.2589188516139984,0.07448957860469818,0.3832889795303345,0.020922301337122917,0.16201458871364594,0.047244198620319366,0.10846732556819916
16,2.25,0.0766139104962349,0.037338148802518845,0.1278516948223114,0.2535282373428345,0.3111334443092346,0.20284569263458252,0.20332026481628418,0.5171375870704651,0.03316241130232811,0.4071771800518036,0.13658098876476288,0.11510226875543594,0.018626755103468895,0.03029780648648739,0.15353547036647797,0.018195761367678642,0.03490372374653816,0.29949718713760376,0.023724880069494247,0.10447335243225098,0.2051886022090912,0.09172321110963821,0.021943427622318268,0.2683448791503906,0.12671300768852234,0.06540154665708542,0.025699175894260406,0.013886976055800915,0.2561914026737213,0.07126838713884354,0.029139794409275055,0.06990700960159302,0.0029887736309319735,0.24326221644878387,0.16508065164089203,0.05585962533950806,0.1525995135307312,0.07442040741443634,0.059080783277750015,0.15688340365886688,0.14693228900432587,0.09720582515001297,0.2333034873008728,0.058192040771245956,0.68385249376297,0.037361107766628265,0.08620704710483551,0.11449020355939865,0.256656289100647,0.03611595556139946,0.12934555113315582,0.1334170699119568,0.5501708984375,0.04448963701725006,0.06035869941115379,0.014863538555800915,0.06313471496105194,0.10599812120199203,0.05125608667731285,0.45179226994514465,0.016295336186885834,0.0735408142209053,0.6387162208557129,0.17364616692066193,0.0418829470872879,0.253373920917511,0.045618534088134766,0.08378607779741287,0.04634733498096466,0.391616553068161,0.09200283139944077,0.13752007484436035,0.245417058467865,0.018647367134690285,0.009228989481925964,0.32337021827697754,0.11261356621980667,0.0256329458206892,0.22050653398036957,0.04565000906586647,0.14727552235126495,0.3390190005302429,0.03859527409076691,0.09106225520372391,0.20477743446826935,0.015773801133036613,0.06944937258958817,0.0336059145629406,0.0719141885638237,0.09393992274999619,0.060319434851408005,0.19045688211917877,0.4432264566421509,0.09573543816804886,0.02321000210940838,0.19412663578987122,0.07367303222417831,0.10538747161626816,0.3327631950378418,0.19106918573379517
17,2.3447266,0.16828787326812744,0.12363649904727936,0.2675986588001251,0.43331483006477356,0.0126978550106287,0.1141955778002739,0.014340718276798725,0.4318714439868927,0.0053258538246154785,0.08177869766950607,0.04035225883126259,0.02027703821659088,0.035410650074481964,0.29064619541168213,0.41661733388900757,0.485579252243042,0.09066477417945862,0.13975830376148224,0.043074123561382294,0.09907010197639465,0.08186057955026627,0.0740659311413765,0.16034217178821564,0.005648196209222078,0.16566212475299835,0.06682644784450531,0.13922925293445587,0.371539443731308,0.25548306107521057,0.16986829042434692,0.06516636908054352,0.1768413484096527,0.08090104907751083,0.23388470709323883,0.020940711721777916,0.397092342376709,0.40309280157089233,0.3611176609992981,0.03146624192595482,0.2915537655353546,0.1406683623790741,0.14388136565685272,0.049365077167749405,0.12818492949008942,0.04670442268252373,0.06010555848479271,0.33690255880355835,0.3521520495414734,0.05502526834607124,0.2451583743095398,0.18802544474601746,0.05042238160967827,0.465207576751709,0.06998822093009949,0.025398731231689453,0.11149314045906067,0.012931923381984234,0.043296877294778824,0.13329017162322998,0.028834091499447823,0.19828054308891296,0.41510993242263794,0.11195561289787292,0.3324504494667053,0.39534199237823486,0.16838103532791138,0.26192018389701843,0.01728450320661068,0.12455538660287857,0.5071409940719604,0.14764374494552612,0.04064786434173584,0.32307785749435425,0.5525218844413757,0.06842885166406631,0.1808830201625824,0.05820292979478836,0.025873221457004547,0.19674909114837646,0.020542742684483528,0.5395859479904175,0.6792897582054138,0.3184742331504822,0.02872258797287941,0.49247777462005615,0.14935486018657684,0.026842283084988594,0.08330246061086655,0.12938694655895233,0.008711705915629864,0.6938057541847229,0.3480641543865204,0.3067200481891632,0.07007794827222824,0.02591286227107048,0.033343683928251266,0.047321584075689316,0.14791513979434967,0.013602986931800842,0.29377037286758423
18,2.4414062,0.49610915780067444,0.0018750907620415092,0.09696947038173676,0.148710235953331,0.030456745997071266,0.26032090187072754,0.027615536004304886,0.19551149010658264,0.011242595501244068,0.325670063495636,0.5232644081115723,0.05588141828775406,0.09020034223794937,0.2884066700935364,0.03588195517659187,0.6000251173973083,0.12792247533798218,0.07500303536653519,0.13230925798416138,0.1501038521528244,0.11014023423194885,0.10906177759170532,0.2717342674732208,0.04868082329630852,0.41208621859550476,0.058153800666332245,0.025082586333155632,0.09442970901727676,0.04017500579357147,0.11117160320281982,0.18380184471607208,0.6601738929748535,0.18648213148117065,0.2968814969062805,0.652048647403717,0.055788807570934296,0.6143480539321899,0.4117131233215332,0.38564634323120117,0.3612056374549866,0.039529018104076385,0.11180730909109116,0.5344341397285461,0.02163466066122055,0.14713357388973236,0.2616112232208252,0.029646608978509903,0.45570987462997437,0.0849810540676117,0.04923798143863678,0.28170207142829895,0.10202651470899582,0.006339780520647764,0.08058758080005646,0.07117849588394165,0.15283769369125366,0.17784832417964935,0.03257124125957489,0.17470091581344604,0.3303908705711365,0.3480857312679291,0.13065627217292786,0.36689063906669617,0.12282028049230576,0.5783194303512573,0.06748198717832565,0.07158005982637405,0.13383206725120544,0.23147468268871307,0.03895962983369827,0.4421449303627014,0.049384016543626785,0.09529252350330353,0.15021996200084686,0.15439732372760773,0.4578234553337097,0.7055948972702026,0.3847886323928833,0.2345299869775772,0.2019190639257431,0.14610299468040466,0.1879976987838745,0.511115550994873,0.4103144705295563,0.17780296504497528,0.4810965359210968,0.3796590268611908,0.19873474538326263,0.34302839636802673,0.03328714519739151,0.11243936419487,0.08071884512901306,0.16378207504749298,0.1106121614575386,0.04739077016711235,0.08331579715013504,0.21497216820716858,0.014325362630188465,0.18514831364154816,0.33902978897094727
19,2.540039,0.39971059560775757,0.49893832206726074,0.23308849334716797,0.10872220247983932,0.5358714461326599,0.21096187829971313,0.6753662824630737,0.04062571004033089,0.5840324759483337,0.09521111100912094,0.5275177955627441,0.06874250620603561,0.32144835591316223,0.2795010805130005,0.8151719570159912,0.4911337196826935,0.04932226613163948,0.2828347682952881,0.19239452481269836,0.1353801190853119,0.7969453930854797,0.2671619951725006,0.0484439916908741,0.05155130848288536,0.126506045460701,0.05395498499274254,0.016562223434448242,0.19346529245376587,0.11769420653581619,0.5763535499572754,0.192644402384758,0.2434108406305313,0.2130611091852188,0.2667679190635681,0.14214633405208588,0.22662250697612762,0.3215373158454895,0.40727144479751587,0.5489131808280945,0.48570922017097473,0.5265952944755554,0.17244023084640503,0.09437967836856842,0.018964799121022224,0.13874204456806183,0.3779837489128113,0.6256512999534607,0.1139661967754364,0.06798286736011505,0.5139639973640442,0.22113625705242157,0.5556182265281677,0.6039519309997559,0.08917417377233505,0.635410726070404,0.1007506474852562,0.6301345229148865,0.5965452194213867,0.286203533411026,0.032839614897966385,0.21246692538261414,0.12079185992479324,0.4645421504974365,0.3519543707370758,0.12370286881923676,0.04248708114027977,0.2846984565258026,0.3797966539859772,0.04173365235328674,0.5533995032310486,0.20068466663360596,0.5817461609840393,0.6766652464866638,0.23247073590755463,0.10876680910587311,0.32804223895072937,0.5727593302726746,0.2865099608898163,0.3309120535850525,0.1266118735074997,0.4298258423805237,0.05994758382439613,0.16234546899795532,0.12172315269708633,0.46592217683792114,0.057597216218709946,0.045342929661273956,0.7244135737419128,0.21664798259735107,0.4418797194957733,0.15971989929676056,0.30512574315071106,0.0978076308965683,0.021699897944927216,0.32444748282432556,0.12815962731838226,0.2586422562599182,0.17273420095443726,0.47409284114837646,0.14321868121623993
20,2.640625,0.21862834692001343,0.10099921375513077,0.06483041495084763,0.35074353218078613,0.022382397204637527,0.6296526193618774,0.4302402138710022,0.5713792443275452,0.6142860651016235,0.2703529894351959,0.09385652095079422,0.24140995740890503,0.17964451014995575,0.6319975256919861,0.6728681921958923,0.5209208130836487,0.6112653017044067,0.6546695232391357,0.05931701511144638,0.8068217635154724,0.014751243405044079,0.20105664432048798,0.5119286179542542,0.3376710116863251,0.6178872585296631,0.08401648700237274,0.30838674306869507,0.28719189763069153,0.4444272816181183,0.5307897925376892,0.08876502513885498,0.6238901615142822,0.018698018044233322,0.5462598204612732,0.4618452787399292,0.6223388314247131,0.05459078773856163,0.4834965467453003,0.016143936663866043,0.5823730230331421,0.4128381907939911,0.29679301381111145,0.48906663060188293,0.5381176471710205,0.3111950159072876,0.43004077672958374,0.45694106817245483,0.29469239711761475,0.289169579744339,0.320467084646225,0.7309768795967102,0.3227444887161255,0.08888854831457138,0.38091057538986206,0.5135788321495056,0.5685390830039978,0.3016327917575836,0.35030609369277954,0.6227558851242065,0.5589652061462402,0.11345970630645752,0.2871408462524414,0.5075533390045166,0.36417263746261597,0.6793091893196106,0.47648414969444275,0.08290611207485199,0.11305394768714905,0.021181857213377953,0.7510313391685486,0.41032862663269043,0.6687571406364441,0.14073863625526428,0.49553775787353516,0.6473962068557739,0.023571230471134186,0.15430529415607452,0.5073680281639099,0.12424835562705994,0.02880208007991314,0.6794173121452332,0.02911585569381714,0.3965916335582733,0.19319558143615723,0.6665356159210205,0.6414858102798462,0.13032612204551697,0.3600866496562958,0.6311997175216675,0.6813469529151917,0.5432630181312561,0.16796080768108368,0.5682680010795593,0.4815206229686737,0.3038799464702606,0.7371240854263306,0.18945534527301788,0.5848252177238464,0.49781811237335205,0.506397008895874
21,2.743164,0.5376889109611511,0.549843430519104,0.5911151170730591,0.4687539339065552,0.6210477948188782,0.4076671004295349,0.6027706265449524,0.05730242654681206,0.23470155894756317,0.7279396653175354,0.5303648114204407,0.5789377093315125,0.5321952104568481,0.6001783609390259,0.19270817935466766,0.5420190095901489,0.3298344910144806,0.5594519972801208,0.6389111876487732,0.15429601073265076,0.6643620133399963,0.5862343311309814,0.6804407238960266,0.15715548396110535,0.6314682364463806,0.4287705421447754,0.13761372864246368,0.031228404492139816,0.40663158893585205,0.19296608865261078,0.7138673067092896,0.6442585587501526,0.7069123983383179,0.5163506865501404,0.5700370669364929,0.4870016574859619,0.20442108809947968,0.5729419589042664,0.16422459483146667,0.37533098459243774,0.6367052793502808,0.521492600440979,0.6438788175582886,0.6912304162979126,0.20004770159721375,0.6313626170158386,0.5516843199729919,0.2894097566604614,0.670201301574707,0.7157567143440247,0.03645770996809006,0.04444831237196922,0.5450212359428406,0.8220939636230469,0.4098283648490906,0.5197817087173462,0.34465375542640686,0.28549689054489136,0.6429226398468018,0.4505873918533325,0.7655355334281921,0.5329065322875977,0.6623812317848206,0.042021866887807846,0.5851075649261475,0.6160243153572083,0.07457287609577179,0.07675781100988388,0.0397706963121891,0.5654276609420776,0.4487006366252899,0.3628942668437958,0.25885093212127686,0.4175760746002197,0.5812132954597473,0.4868082106113434,0.6141278147697449,0.702092707157135,0.032810430973768234,0.48165255784988403,0.6058971881866455,0.47420740127563477,0.524868369102478,0.06889320909976959,0.5360339283943176,0.18972544372081757,0.8166518211364746,0.017548860982060432,0.5305337309837341,0.6444160342216492,0.3560909330844879,0.2615583837032318,0.5595847368240356,0.7980838418006897,0.6324148178100586,0.5115017890930176,0.4106432795524597,0.5206562876701355,0.5066208243370056,0.622745931148529
22,2.8476562,0.5904994010925293,0.7773553133010864,0.4169793426990509,0.4125814735889435,0.5968461036682129,0.5159631371498108,0.614501416683197,0.18712975084781647,0.6047970652580261,0.6233460903167725,0.3604038953781128,0.7229645252227783,0.02028617262840271,0.29339709877967834,0.7812975645065308,0.6567142009735107,0.6458954215049744,0.027459820732474327,0.03736438974738121,0.7292796969413757,0.7177979350090027,0.5471715331077576,0.6792668700218201,0.6267390847206116,0.6960459351539612,0.7139939069747925,0.7244352102279663,0.06693501770496368,0.6728713512420654,0.3918205797672272,0.5920163989067078,0.18076175451278687,0.7678855657577515,0.6859292387962341,0.47316038608551025,0.4265848398208618,0.2512516975402832,0.5825183987617493,0.5050127506256104,0.6565645337104797,0.013924854807555676,0.14100967347621918,0.6244221925735474,0.6651923060417175,0.2368621677160263,0.6501976251602173,0.5832939743995667,0.466643363237381,0.4423460364341736,0.5547551512718201,0.016638968139886856,0.6890128254890442,0.13303248584270477,0.4192696809768677,0.6211798787117004,0.2824898362159729,0.6067745685577393,0.638346254825592,0.6485040783882141,0.48962655663490295,0.005065933335572481,0.06748467683792114,0.44441089034080505,0.6019830107688904,0.7093926072120667,0.6763065457344055,0.786355197429657,0.560491144657135,0.5859866142272949,0.3194732666015625,0.7103197574615479,0.40470367670059204,0.560265064239502,0.6565538048744202,0.6481372117996216,0.6277213096618652,0.6011949181556702,0.5348463654518127,0.6574819087982178,0.7921351790428162,0.4907844066619873,0.573547899723053,0.3241221010684967,0.21281397342681885,0.7450547814369202,0.13521216809749603,0.6739403605461121,0.6101536154747009,0.2388215959072113,0.6664697527885437,0.6181763410568237,0.4637503921985626,0.20803587138652802,0.622291088104248,0.651930570602417,0.025440992787480354,0.4399498403072357,0.6177063584327698,0.6247208714485168,0.49261602759361267
23,2.9541016,0.7391889691352844,0.710619330406189,0.6529890894889832,0.6331568360328674,0.7498928308486938,0.17563608288764954,0.8433010578155518,0.8089781403541565,0.6230433583259583,0.5902270674705505,0.8296741843223572,0.7149925827980042,0.8145135045051575,0.18276044726371765,0.8135553002357483,0.6185246109962463,0.6710428595542908,0.7372652292251587,0.6239527463912964,0.6675089001655579,0.5922221541404724,0.4980350136756897,0.649519145488739,0.24546189606189728,0.7265912890434265,0.8287180066108704,0.45733582973480225,0.7247419357299805,0.7952461242675781,0.6137688159942627,0.6744084358215332,0.7423719167709351,0.6345376372337341,0.22705097496509552,0.6742314100265503,0.5958887934684753,0.688611626625061,0.7101431488990784,0.7416678667068481,0.6004433035850525,0.6253550052642822,0.6865828037261963,0.722680389881134,0.6644533276557922,0.1738681197166443,0.7214041948318481,0.645740807056427,0.4234251081943512,0.5826629400253296,0.670953094959259,0.6280582547187805,0.5738641023635864,0.6562055349349976,0.6511641144752502,0.6435796022415161,0.1127718985080719,0.6817237138748169,0.22802963852882385,0.7655637264251709,0.43195047974586487,0.6592389941215515,0.6975993514060974,0.7332821488380432,0.6731379628181458,0.6856529712677002,0.19774915277957916,0.6135889887809753,0.528772234916687,0.5993896722793579,0.09432849287986755,0.7220358848571777,0.7173423171043396,0.020393583923578262,0.6816148161888123,0.49828410148620605,0.35784104466438293,0.44855836033821106,0.6337471008300781,0.6566484570503235,0.7143314480781555,0.5623549818992615,0.7452292442321777,0.7626134157180786,0.6935813426971436,0.7600589394569397,0.6027229428291321,0.665725588798523,0.5907077789306641,0.3242436349391937,0.5897954702377319,0.6071529388427734,0.6751428246498108,0.667727530002594,0.588810920715332,0.7652750015258789,0.6437940001487732,0.8015066385269165,0.6533120274543762,0.06744348257780075,0.4511511027812958
24,3.0625,0.7868637442588806,0.06620252877473831,0.6300585269927979,0.7652596235275269,0.589938759803772,0.7492240071296692,0.7326381802558899,0.6039260625839233,0.5938871502876282,0.7184678316116333,0.6345620155334473,0.7029215693473816,0.6537675261497498,0.8397568464279175,0.6320526003837585,0.08057943731546402,0.44095802307128906,0.6916258931159973,0.765735924243927,0.7910815477371216,0.5716725587844849,0.6751145124435425,0.6994286179542542,0.6936125159263611,0.610098123550415,0.8506260514259338,0.6845030784606934,0.7106910347938538,0.7146787643432617,0.702742338180542,0.6809576153755188,0.6929057836532593,0.6441423892974854,0.15261496603488922,0.7304242253303528,0.5853170156478882,0.7896236777305603,0.3303573727607727,0.42067891359329224,0.6761972904205322,0.6481840014457703,0.7612799406051636,0.05824970453977585,0.6830439567565918,0.5993436574935913,0.6775762438774109,0.7211421132087708,0.6000435948371887,0.619892418384552,0.6648073196411133,0.691791832447052,0.753186047077179,0.6824726462364197,0.6364427208900452,0.7214289903640747,0.7129372358322144,0.6644213795661926,0.5962051153182983,0.7073502540588379,0.6442720890045166,0.7238911986351013,0.7193588018417358,0.2556929290294647,0.7077506184577942,0.6919150352478027,0.6504551768302917,0.7396660447120667,0.6962051391601562,0.7334451675415039,0.8566517233848572,0.6417880654335022,0.6126893758773804,0.6308490037918091,0.6711984872817993,0.059968095272779465,0.704070508480072,0.7542234063148499,0.6893229484558105,0.6635004878044128,0.7191845774650574,0.6981505155563354,0.788317859172821,0.6092831492424011,0.6332882046699524,0.6881760358810425,0.675578236579895,0.8326945304870605,0.6790432333946228,0.7386936545372009,0.7701448202133179,0.20411047339439392,0.754225492477417,0.8534955382347107,0.6065694093704224,0.5573518872261047,0.7298373579978943,0.698939859867096,0.5034219622612,0.655781090259552,0.152113676071167
25,3.1728516,0.7318667769432068,0.8287165760993958,0.8816702961921692,0.7848761677742004,0.7440966963768005,0.7426699995994568,0.20112434029579163,0.8192122578620911,0.7354249954223633,0.6312252879142761,0.7660055160522461,0.705697774887085,0.6628684401512146,0.624268651008606,0.10561245679855347,0.8027631044387817,0.5864154100418091,0.26949068903923035,0.24189677834510803,0.6523246765136719,0.7653722763061523,0.6582698225975037,0.6893052458763123,0.6625209450721741,0.4931265413761139,0.1585628241300583,0.8155452609062195,0.5853610634803772,0.5634413361549377,0.652837872505188,0.7751508355140686,0.7246686220169067,0.3969971239566803,0.7702310085296631,0.7550975680351257,0.77828449010849,0.7290897369384766,0.7208887338638306,0.7504501342773438,0.7844167947769165,0.7288846969604492,0.7016947269439697,0.693045437335968,0.7399455904960632,0.7308688759803772,0.6720989942550659,0.6599878668785095,0.6956514120101929,0.6869394779205322,0.7253536581993103,0.7109138369560242,0.6416748762130737,0.43890371918678284,0.6250991225242615,0.6493819952011108,0.7537764310836792,0.7110230326652527,0.0920475572347641,0.08443000912666321,0.7811084985733032,0.6908862590789795,0.7001368403434753,0.730362057685852,0.6698418855667114,0.8564682602882385,0.8416513204574585,0.7751919627189636,0.6537717580795288,0.7041739821434021,0.7279797196388245,0.7092771530151367,0.7769244313240051,0.6882070899009705,0.7785413861274719,0.651727020740509,0.08405514061450958,0.171331524848938,0.8419920802116394,0.7171005010604858,0.6595809459686279,0.7613707184791565,0.7194092273712158,0.62073814868927,0.6806190013885498,0.6900569796562195,0.6818299293518066,0.7086609601974487,0.8757891058921814,0.6624704599380493,0.6935781836509705,0.038118306547403336,0.7653580904006958,0.704017162322998,0.7695761322975159,0.48481374979019165,0.5776300430297852,0.746392011642456,0.28213438391685486,0.6973780393600464,0.6601769328117371
26,3.2851562,0.7347515821456909,0.6642372012138367,0.6784138679504395,0.7950049042701721,0.05869821459054947,0.6735057234764099,0.7463324666023254,0.7715635299682617,0.7682858109474182,0.6796546578407288,0.8075159788131714,0.8047352433204651,0.8091003894805908,0.8260729312896729,0.6577097773551941,0.758497416973114,0.06897430866956711,0.7505900263786316,0.7872717976570129,0.7639786601066589,0.7549809217453003,0.7498433589935303,0.7319447994232178,0.6858315467834473,0.7848271727561951,0.7577098608016968,0.7830715775489807,0.8669146299362183,0.8142154216766357,0.737656831741333,0.7433504462242126,0.7700805068016052,0.8786090612411499,0.7646611928939819,0.7014173269271851,0.7283258438110352,0.6934687495231628,0.7326628565788269,0.7041143774986267,0.7493075728416443,0.7674935460090637,0.6605453491210938,0.7080867290496826,0.833260178565979,0.7647850513458252,0.7611331939697266,0.8493346571922302,0.7592690587043762,0.7486270666122437,0.7276551723480225,0.606823205947876,0.7508681416511536,0.8310753107070923,0.7321038842201233,0.717479944229126,0.7663692235946655,0.7754818797111511,0.7856733798980713,0.7631521821022034,0.6790496706962585,0.7263171672821045,0.7433190941810608,0.7010598182678223,0.3069750964641571,0.7503381967544556,0.8457808494567871,0.791386604309082,0.7998496890068054,0.750141978263855,0.5844378471374512,0.7172183990478516,0.688957154750824,0.7798711657524109,0.7815298438072205,0.7290096282958984,0.7674578428268433,0.7775850892066956,0.8129829168319702,0.7159966826438904,0.7965800166130066,0.749535858631134,0.9005625247955322,0.7724930644035339,0.014448831789195538,0.8133553862571716,0.6991308331489563,0.703491747379303,0.7241150140762329,0.752762496471405,0.7550225257873535,0.8194114565849304,0.7879125475883484,0.7375643253326416,0.9023581147193909,0.730169951915741,0.2881162762641907,0.8252825140953064,0.6845737099647522,0.8388417363166809,0.7330614924430847
27,3.399414,0.22006438672542572,0.8397453427314758,0.76004558801651,0.7621711492538452,0.7381930351257324,0.7474210262298584,0.7902184724807739,0.8135144114494324,0.7682946920394897,0.7047797441482544,0.6884970664978027,0.780002772808075,0.6943989992141724,0.7571651935577393,0.3425219655036926,0.7614207863807678,0.776627779006958,0.7472781538963318,0.793194591999054,0.8441728949546814,0.8335490822792053,0.8120461702346802,0.8279618620872498,0.7661911845207214,0.135562926530838,0.6937531232833862,0.7876766324043274,0.8019188642501831,0.7233089804649353,0.8147137761116028,0.7502138614654541,0.8205841779708862,0.7820987105369568,0.7916292548179626,0.7052757143974304,0.7355710864067078,0.7663756012916565,0.7301233410835266,0.773446798324585,0.7573474049568176,0.8308992981910706,0.8580015897750854,0.7349300980567932,0.7769058346748352,0.7736233472824097,0.8070083856582642,0.7885934710502625,0.7904924750328064,0.07800393551588058,0.7901214361190796,0.7394735217094421,0.826998233795166,0.721154510974884,0.8016944527626038,0.6822322010993958,0.7802252173423767,0.7261269092559814,0.8082850575447083,0.7968214154243469,0.5885461568832397,0.75234454870224,0.7168168425559998,0.7812334299087524,0.138279989361763,0.8080905079841614,0.7519385814666748,0.7228963971138,0.7455667853355408,0.8009566068649292,0.7973010540008545,0.8346996903419495,0.46059441566467285,0.7461409568786621,0.7953891158103943,0.716955840587616,0.6851722002029419,0.7952630519866943,0.6872925758361816,0.7428699135780334,0.7400902509689331,0.8261121511459351,0.7101290822029114,0.6666224002838135,0.7198314070701599,0.7289018034934998,0.8126353025436401,0.7436330318450928,0.8202332854270935,0.7449237704277039,0.7487843632698059,0.7084419131278992,0.7989277839660645,0.8009786009788513,0.7573481798171997,0.06426127254962921,0.8681063652038574,0.7960619926452637,0.37039220333099365,0.21975566446781158,0.8581889867782593
28,3.515625,0.8085543513298035,0.739558219909668,0.7894205451011658,0.8100646138191223,0.8122614622116089,0.7593783140182495,0.7577471733093262,0.7805954813957214,0.8086557388305664,0.7627946138381958,0.7701401710510254,0.8632977604866028,0.7503938674926758,0.8469229340553284,0.8431501984596252,0.7242123484611511,0.7175719738006592,0.8370169401168823,0.7828779220581055,0.7993652820587158,0.770325243473053,0.8020023107528687,0.6952946186065674,0.7496276497840881,0.7778093814849854,0.7969927787780762,0.7732142806053162,0.7592276334762573,0.7600135207176208,0.8099542856216431,0.7728431224822998,0.7127301692962646,0.8359268307685852,0.6939558386802673,0.7974694967269897,0.8091937899589539,0.878986120223999,0.7730017900466919,0.7374460101127625,0.784264862537384,0.704255223274231,0.7506443858146667,0.7705105543136597,0.8028455972671509,0.820008397102356,0.8722185492515564,0.7668558955192566,0.8155709505081177,0.7365555167198181,0.7661380171775818,0.7411559224128723,0.8462193012237549,0.7823781967163086,0.8552036285400391,0.7182191014289856,0.838758647441864,0.845958411693573,0.7855061888694763,0.8004820346832275,0.7177088260650635,0.7770954966545105,0.8395285606384277,0.77435302734375,0.7938920259475708,0.8223488330841064,0.8539106845855713,0.7783644199371338,0.7676836848258972,0.8195317387580872,0.7768797874450684,0.7376207113265991,0.7830612063407898,0.7942600846290588,0.7128890752792358,0.8164006471633911,0.7712733149528503,0.7256844639778137,0.8070340156555176,0.7541155219078064,0.7801548838615417,0.7983501553535461,0.8025256395339966,0.7743551731109619,0.7791699767112732,0.7538233995437622,0.8726499080657959,0.8948923349380493,0.7826000452041626,0.8314023017883301,0.7895117998123169,0.7535845041275024,0.8050350546836853,0.852645993232727,0.7912399768829346,0.7809709310531616,0.751409113407135,0.7319980263710022,0.742942750453949,0.7752951979637146,0.7750970721244812
29,3.633789,0.8093119859695435,0.789165735244751,0.7956101298332214,0.8272750377655029,0.8220365047454834,0.7991676926612854,0.8937726020812988,0.7828552722930908,0.8096488118171692,0.8615555167198181,0.789421558380127,0.8082177042961121,0.7804421782493591,0.7719300985336304,0.7861372828483582,0.8325962424278259,0.8242886066436768,0.842341423034668,0.8044665455818176,0.8318886756896973,0.8736892342567444,0.8017021417617798,0.7939055562019348,0.8098940849304199,0.7926026582717896,0.788777768611908,0.8788948059082031,0.8243837356567383,0.7855833172798157,0.8077280521392822,0.782084047794342,0.7642161846160889,0.8023064136505127,0.7584145665168762,0.8094577789306641,0.8939239978790283,0.8258368372917175,0.8706229329109192,0.7366283535957336,0.8488383889198303,0.8048935532569885,0.7336195111274719,0.7974153757095337,0.8421028852462769,0.7910833954811096,0.7981542944908142,0.8941166400909424,0.7679412364959717,0.8247678875923157,0.773897647857666,0.8039530515670776,0.8259180188179016,0.8909491896629333,0.7744829058647156,0.7583572864532471,0.8245652318000793,0.8652374148368835,0.8043452501296997,0.8195369243621826,0.8176512718200684,0.8282487988471985,0.8145052194595337,0.7506396770477295,0.7915090918540955,0.7764259576797485,0.7873760461807251,0.8699918389320374,0.7788031101226807,0.8434217572212219,0.7872085571289062,0.7934353351593018,0.7463511228561401,0.78745436668396,0.79686039686203,0.8152142763137817,0.7652015089988708,0.8065990805625916,0.8160560727119446,0.8468430042266846,0.7970895767211914,0.7860406637191772,0.17022760212421417,0.8146504759788513,0.7495275735855103,0.8040211796760559,0.8118952512741089,0.8259331583976746,0.825204074382782,0.7742686867713928,0.8130037188529968,0.8017258644104004,0.11512225866317749,0.811970055103302,0.7975296378135681,0.805389404296875,0.8711578249931335,0.7595633268356323,0.8087466955184937,0.8314200043678284,0.8304566740989685
30,3.7539062,0.7466709017753601,0.8190125226974487,0.8448333740234375,0.797125518321991,0.8595486879348755,0.8030550479888916,0.8198398351669312,0.8051362037658691,0.8594984412193298,0.8317409753799438,0.8167768716812134,0.7945994138717651,0.7924638986587524,0.8301845788955688,0.8734101057052612,0.8578958511352539,0.8025618195533752,0.8920749425888062,0.7975988984107971,0.8574299812316895,0.8497062921524048,0.8491644859313965,0.8712578415870667,0.799620509147644,0.8401509523391724,0.8112361431121826,0.7747073173522949,0.8416174650192261,0.8226306438446045,0.8339964151382446,0.7838161587715149,0.8010060787200928,0.8543605208396912,0.8539941906929016,0.8451686501502991,0.8932301998138428,0.7768553495407104,0.8015466332435608,0.8297877907752991,0.8585993051528931,0.8344627618789673,0.802873969078064,0.8370786309242249,0.8166416883468628,0.8278266191482544,0.7946600317955017,0.8215627670288086,0.7883155345916748,0.7781606912612915,0.8037689328193665,0.8348554372787476,0.7873263359069824,0.817645251750946,0.8322545886039734,0.876247763633728,0.8191210031509399,0.831723153591156,0.8368465304374695,0.7421556115150452,0.821341335773468,0.795772135257721,0.8640629053115845,0.8205707669258118,0.8405036926269531,0.7887697219848633,0.7839736342430115,0.804797351360321,0.8247264623641968,0.85715252161026,0.8422896862030029,0.7988637089729309,0.858883261680603,0.8302320837974548,0.8575112223625183,0.8566969037055969,0.8515172004699707,0.8636655807495117,0.807058572769165,0.7884793877601624,0.880624532699585,0.8174989819526672,0.7197206020355225,0.8129684329032898,0.8170939087867737,0.8065548539161682,0.7864786982536316,0.8501284122467041,0.8545886874198914,0.8254141807556152,0.8637115359306335,0.8536612391471863,0.8173480033874512,0.7860789895057678,0.8062150478363037,0.7710724472999573,0.032964322715997696,0.8457965850830078,0.8613973259925842,0.8102695345878601,0.7942076921463013
31,3.8759766,0.8565232753753662,0.8250858187675476,0.8512965440750122,0.8376429080963135,0.8651678562164307,0.8506926894187927,0.7955368161201477,0.8426634669303894,0.8062976002693176,0.8831872344017029,0.8439311981201172,0.8253259658813477,0.8364443778991699,0.8593338131904602,0.8501309156417847,0.8240504860877991,0.8482573628425598,0.8358610272407532,0.8093146681785583,0.8045199513435364,0.798686683177948,0.884395956993103,0.8008888363838196,0.8265994787216187,0.8233307003974915,0.7965114116668701,0.839207649230957,0.8474732637405396,0.8419952988624573,0.8752866983413696,0.8736662864685059,0.8264257311820984,0.7868304252624512,0.8185285925865173,0.9170129299163818,0.7815755605697632,0.8971318602561951,0.8617718815803528,0.860029935836792,0.829076886177063,0.879089891910553,0.8205412030220032,0.7483035922050476,0.8732877969741821,0.8337934017181396,0.8622400760650635,0.9033491015434265,0.8263141512870789,0.8445773720741272,0.8674882650375366,0.8822323679924011,0.7980222105979919,0.7667931318283081,0.8103689551353455,0.8477331399917603,0.8387113809585571,0.8311428427696228,0.8803569078445435,0.8217645883560181,0.8207296133041382,0.8425290584564209,0.9058681130409241,0.8648307919502258,0.7951605319976807,0.8465487957000732,0.8564181327819824,0.8802502155303955,0.9042760133743286,0.8521488904953003,0.8259097933769226,0.8488636612892151,0.829888105392456,0.8337678909301758,0.8221134543418884,0.8780818581581116,0.8377418518066406,0.8913151025772095,0.8352760076522827,0.8421744108200073,0.8134509325027466,0.7535180449485779,0.865144670009613,0.8295904397964478,0.8190135955810547,0.8076794743537903,0.7798479795455933,0.85163813829422,0.8206854462623596,0.8468025922775269,0.8567041158676147,0.8053440451622009,0.6678056716918945,0.8950291275978088,0.8057735562324524,0.825469434261322,0.8645901679992676,0.8471267223358154,0.8410990238189697,0.7979738712310791,0.8553982377052307
32,4.0,0.8614643216133118,0.8152588605880737,0.8419111371040344,0.8435468673706055,0.8383148312568665,0.8503817915916443,0.7972658276557922,0.839961051940918,0.8715938329696655,0.8475027084350586,0.8958457708358765,0.8238044381141663,0.8539003133773804,0.8238933086395264,0.8371755480766296,0.877223551273346,0.8302721381187439,0.7819606065750122,0.8741070032119751,0.8900846838951111,0.8511496782302856,0.8572248220443726,0.8270819783210754,0.8223257660865784,0.8210123777389526,0.8116145133972168,0.8525619506835938,0.822152853012085,0.8629884719848633,0.8357027769088745,0.8288332223892212,0.8068621158599854,0.8528013229370117,0.8433933854103088,0.868878185749054,0.857972264289856,0.7993564605712891,0.86717689037323,0.8274435997009277,0.8596073389053345,0.8751299381256104,0.855838418006897,0.8468542695045471,0.8759185671806335,0.5204998254776001,0.8303967118263245,0.8801378607749939,0.8394671082496643,0.8951498866081238,0.834423303604126,0.8569640517234802,0.8006827235221863,0.8187642097473145,0.8281778693199158,0.7698703408241272,0.8673647046089172,0.86931312084198,0.8181577324867249,0.8733481168746948,0.8781052231788635,0.858134925365448,0.8116589188575745,0.8519461750984192,0.8741434216499329,0.83330237865448,0.9057397842407227,0.858102023601532,0.8512901663780212,0.8753630518913269,0.8209245204925537,0.8798710703849792,0.8381676077842712,0.8663974404335022,0.862646222114563,0.8352144360542297,0.819111168384552,0.822947084903717,0.8634459972381592,0.8267180323600769,0.8447024822235107,0.8394112586975098,0.8614321947097778,0.8813005685806274,0.8010268211364746,0.8759276270866394,0.8851532936096191,0.7855359315872192,0.8677074313163757,0.8471605777740479,0.8499681353569031,0.860704243183136,0.8391340374946594,0.8695333003997803,0.8683614134788513,0.8688101172447205,0.8769773244857788,0.8130151629447937,0.8330903053283691,0.8518853187561035,0.8754744529724121
33,4.1259766,0.8793814778327942,0.8637180328369141,0.8796314597129822,0.8428133726119995,0.8594920635223389,0.8554172515869141,0.855708122253418,0.8664679527282715,0.8690381646156311,0.8369347453117371,0.8639534711837769,0.8755595088005066,0.847515881061554,0.8970320224761963,0.850924015045166,0.829430103302002,0.8658219575881958,0.8107796311378479,0.8600975275039673,0.8354893326759338,0.8732084631919861,0.8526404500007629,0.8668792843818665,0.8435190916061401,0.8573935627937317,0.8781008124351501,0.8574433922767639,0.8149996995925903,0.8621639013290405,0.8257785439491272,0.8254037499427795,0.8606088161468506,0.8297752141952515,0.8316457867622375,0.8552621603012085,0.8356465697288513,0.8594331741333008,0.8500736951828003,0.8617918491363525,0.8228753209114075,0.863688051700592,0.8774846196174622,0.8514196276664734,0.8541041016578674,0.8310090899467468,0.851945161819458,0.8802171945571899,0.8754315376281738,0.8252097368240356,0.8817729949951172,0.8087485432624817,0.861483633518219,0.8181222081184387,0.8830098509788513,0.8496049046516418,0.8499383330345154,0.8609619736671448,0.8439693450927734,0.04522719234228134,0.8848055601119995,0.8594801425933838,0.8476622700691223,0.8691455721855164,0.6047777533531189,0.8273993730545044,0.8328679203987122,0.8469765782356262,0.8530739545822144,0.8591020703315735,0.8572852611541748,0.8721027374267578,0.8458650708198547,0.8340056538581848,0.8765321969985962,0.8712480068206787,0.8148731589317322,0.8689730167388916,0.8289968967437744,0.8152284622192383,0.8793871402740479,0.8648767471313477,0.7726622819900513,0.8632559776306152,0.8398085236549377,0.8180461525917053,0.8315189480781555,0.8564320802688599,0.8597378730773926,0.8368808031082153,0.8744402527809143,0.7954246997833252,0.8281490802764893,0.8165818452835083,0.8564196825027466,0.8871752619743347,0.8769115805625916,0.8534316420555115,0.8720870614051819,0.8067862391471863,0.8669808506965637
34,4.2539062,0.8220330476760864,0.8337590098381042,0.8419194221496582,0.8814589381217957,0.8459399342536926,0.8626444935798645,0.8784461617469788,0.8791986703872681,0.8307889699935913,0.8932013511657715,0.8799763917922974,0.9044017791748047,0.8715576529502869,0.9183215498924255,0.8275705575942993,0.8710236549377441,0.8604140877723694,0.8296360969543457,0.8800119757652283,0.8649816513061523,0.8654417395591736,0.8740072250366211,0.8680451512336731,0.8991570472717285,0.8605219125747681,0.8568949699401855,0.8778209686279297,0.8874912858009338,0.8711139559745789,0.8730806112289429,0.880460262298584,0.8940998315811157,0.8402203917503357,0.8382187485694885,0.8179998397827148,0.8646987676620483,0.8800334334373474,0.8248496055603027,0.8676652908325195,0.838324785232544,0.8685033917427063,0.9098971486091614,0.8613836765289307,0.9182119965553284,0.8442246317863464,0.818755567073822,0.8857529163360596,0.8832371234893799,0.8312056064605713,0.8394615054130554,0.8762062788009644,0.8906556963920593,0.8791391253471375,0.870461106300354,0.8594265580177307,0.8852486610412598,0.8302643895149231,0.8658499121665955,0.8376455307006836,0.8443542122840881,0.8893619775772095,0.8531389236450195,0.8781172037124634,0.8700257539749146,0.8663285374641418,0.8469377756118774,0.8885010480880737,0.8826340436935425,0.8784509897232056,0.8874094486236572,0.8763643503189087,0.8313611149787903,0.8820919990539551,0.8656860589981079,0.9113123416900635,0.8471794128417969,0.9121759533882141,0.8040217161178589,0.8813247680664062,0.8915224075317383,0.8547613620758057,0.8605963587760925,0.8392597436904907,0.8982571959495544,0.8583387136459351,0.887910783290863,0.8910751938819885,0.8682995438575745,0.8495063781738281,0.8320542573928833,0.8210980296134949,0.8669182658195496,0.8838592171669006,0.8549830913543701,0.8745167255401611,0.8478228449821472,0.8781054019927979,0.8493123054504395,0.8751766085624695,0.8469934463500977
35,4.383789,0.9004859328269958,0.8598877787590027,0.8530746102333069,0.8575465083122253,0.8640033602714539,0.8562673330307007,0.8858592510223389,0.8732341527938843,0.8764225840568542,0.8761460781097412,0.8717197179794312,0.8815029263496399,0.8302575945854187,0.8290507197380066,0.8370069861412048,0.8641259074211121,0.8725690245628357,0.8303587436676025,0.9014725685119629,0.8773632049560547,0.849372923374176,0.8292485475540161,0.8926098346710205,0.9037666320800781,0.9031842350959778,0.9065555930137634,0.8639909029006958,0.8560817837715149,0.8744398951530457,0.9162899851799011,0.8639940023422241,0.8884700536727905,0.8699935674667358,0.8774383664131165,0.8413951396942139,0.8890717029571533,0.897828221321106,0.878668487071991,0.881952166557312,0.8541603684425354,0.8957388401031494,0.831993818283081,0.9309240579605103,0.8774964213371277,0.8982275724411011,0.8941332697868347,0.8379409909248352,0.8886713981628418,0.8451526165008545,0.8529781103134155,0.856884241104126,0.87911057472229,0.8710955381393433,0.8487933874130249,0.8755143284797668,0.8821518421173096,0.8755863308906555,0.9134228825569153,0.8925918936729431,0.8633776307106018,0.8498399257659912,0.909267246723175,0.8773881793022156,0.8319485187530518,0.8859944343566895,0.868435263633728,0.8659704327583313,0.8363876342773438,0.8671907782554626,0.8729014992713928,0.8282701373100281,0.8746690154075623,0.9097512364387512,0.8520841598510742,0.8283966183662415,0.8681593537330627,0.8714435696601868,0.9029957056045532,0.9163276553153992,0.8532615900039673,0.8570943474769592,0.8554168939590454,0.8678562045097351,0.883493959903717,0.8521891236305237,0.918271541595459,0.8710201978683472,0.8837515711784363,0.9083278775215149,0.8663529753684998,0.8676732182502747,0.8861908912658691,0.8064465522766113,0.8543427586555481,0.8982523679733276,0.9267871379852295,0.9102305173873901,0.8810998797416687,0.8945934772491455,0.8683617115020752
36,4.515625,0.8742318153381348,0.8709133863449097,0.9349180459976196,0.8841385841369629,0.8727108836174011,0.8839343786239624,0.900638222694397,0.8633658289909363,0.8727235198020935,0.8984362483024597,0.8824367523193359,0.8377604484558105,0.8506380915641785,0.8628237247467041,0.9045547246932983,0.8624342679977417,0.9329100251197815,0.8357158303260803,0.8912433981895447,0.8622661232948303,0.9114551544189453,0.9142165184020996,0.8963794708251953,0.9172863960266113,0.8750092387199402,0.9246553182601929,0.8810274004936218,0.8874085545539856,0.8911868333816528,0.8762526512145996,0.8868798613548279,0.8603506684303284,0.8995490074157715,0.8738746643066406,0.8885945677757263,0.8864389061927795,0.9090765714645386,0.8799517154693604,0.8936682343482971,0.8280713558197021,0.873018741607666,0.9131867289543152,0.8581058382987976,0.8742406964302063,0.8846173286437988,0.9254979491233826,0.8587645888328552,0.8576485514640808,0.8796092867851257,0.901970386505127,0.8497661352157593,0.8730103969573975,0.8868845701217651,0.9195218086242676,0.8857334852218628,0.897559642791748,0.9050456881523132,0.8942990303039551,0.8618036508560181,0.8480459451675415,0.8894217014312744,0.8880578279495239,0.8588719367980957,0.8620193004608154,0.8847934603691101,0.8904978632926941,0.8818733096122742,0.857963502407074,0.8805698752403259,0.8994137644767761,0.864319384098053,0.894202709197998,0.8732051849365234,0.8664945960044861,0.8369995951652527,0.8578312397003174,0.8633994460105896,0.8417479991912842,0.8782665729522705,0.8634201884269714,0.8851776123046875,0.888658881187439,0.8784690499305725,0.8588147163391113,0.8692340850830078,0.8586201071739197,0.8999884128570557,0.8882763385772705,0.8460050225257874,0.8813494443893433,0.8272940516471863,0.9078937768936157,0.9129300117492676,0.8720203042030334,0.9227858185768127,0.8966202735900879,0.8872005343437195,0.9084398150444031,0.8766309022903442,0.8545159101486206
37,4.649414,0.8736858367919922,0.8843318819999695,0.8407498002052307,0.8637346625328064,0.8782369494438171,0.9204205274581909,0.8756518959999084,0.870627224445343,0.8763298392295837,0.8905102014541626,0.8704600930213928,0.884258508682251,0.875598132610321,0.9156119227409363,0.8827289342880249,0.862862765789032,0.871595561504364,0.8683011531829834,0.8974072337150574,0.9071200489997864,0.8878861665725708,0.8881464004516602,0.9077200293540955,0.9204738736152649,0.8638858199119568,0.8716890215873718,0.8837622404098511,0.8621309995651245,0.8638778328895569,0.9303526878356934,0.9093785285949707,0.8822985887527466,0.9095835089683533,0.8797791600227356,0.8707306385040283,0.8949786424636841,0.9044506549835205,0.8595341444015503,0.8622470498085022,0.9258102178573608,0.8650866150856018,0.8729168176651001,0.8766086101531982,0.8912910223007202,0.8932860493659973,0.9064533114433289,0.8695476651191711,0.8797324895858765,0.8545343279838562,0.8911949992179871,0.8938888311386108,0.8839336633682251,0.8921446800231934,0.9013360142707825,0.898265540599823,0.8898038864135742,0.9113636016845703,0.899736225605011,0.8771008849143982,0.9139543771743774,0.8578066825866699,0.8855744004249573,0.8609218597412109,0.8552349209785461,0.8878434300422668,0.8982444405555725,0.8449694514274597,0.8649584054946899,0.8684684038162231,0.8867700695991516,0.8944278955459595,0.864640474319458,0.8689906597137451,0.8553538918495178,0.8727207183837891,0.8217777013778687,0.8535817265510559,0.879425585269928,0.9021114706993103,0.9346103668212891,0.9053802490234375,0.8962770700454712,0.86825031042099,0.8836901783943176,0.8713940382003784,0.9029238224029541,0.9086194634437561,0.8966412544250488,0.9057562947273254,0.9287331700325012,0.871520459651947,0.883284866809845,0.87920743227005,0.8743811845779419,0.889839231967926,0.8912584781646729,0.878909707069397,0.8903053998947144,0.8916053771972656,0.8751539587974548
38,4.7851562,0.8870872855186462,0.859198808670044,0.8983871340751648,0.8679972887039185,0.9153977632522583,0.933917224407196,0.8441922068595886,0.8860113620758057,0.8980613946914673,0.9148029685020447,0.9080018401145935,0.9261397123336792,0.8777559995651245,0.9067997932434082,0.9337971210479736,0.9120041728019714,0.8933224678039551,0.9101717472076416,0.9234209060668945,0.8976298570632935,0.8984530568122864,0.8603585362434387,0.8946531414985657,0.8792942762374878,0.9034217596054077,0.9023612141609192,0.8941722512245178,0.8709925413131714,0.8885188698768616,0.8693103194236755,0.8714391589164734,0.8939682841300964,0.8944514393806458,0.8792443871498108,0.8867250680923462,0.8954271078109741,0.8683416247367859,0.8850132822990417,0.8919515609741211,0.8853896260261536,0.9185534715652466,0.8976271152496338,0.9024088382720947,0.9307321906089783,0.8927211761474609,0.8791674375534058,0.8842915296554565,0.9282514452934265,0.8646357655525208,0.8872258067131042,0.8948701024055481,0.8717387318611145,0.9047734141349792,0.8838396072387695,0.8762417435646057,0.8659271597862244,0.9014951586723328,0.8995229601860046,0.9095019102096558,0.8803836107254028,0.9225204586982727,0.892818033695221,0.8854680061340332,0.8850480318069458,0.8932328224182129,0.8913621306419373,0.9020575881004333,0.905472993850708,0.9011229276657104,0.8834934234619141,0.9117708802223206,0.9095738530158997,0.9101830720901489,0.8941991329193115,0.9044591188430786,0.8752537369728088,0.9097892642021179,0.9206202626228333,0.8964455723762512,0.8758310079574585,0.9025569558143616,0.9083788990974426,0.9019083976745605,0.8817597031593323,0.9075139760971069,0.8948422074317932,0.8931981921195984,0.8714861869812012,0.8957162499427795,0.8968220949172974,0.8742528557777405,0.8895117044448853,0.9052149653434753,0.9192090630531311,0.899067759513855,0.8710775971412659,0.9185822606086731,0.8830833435058594,0.9087513089179993,0.8847087621688843
39,4.9228516,0.9206314086914062,0.9071708917617798,0.8949133157730103,0.8958947658538818,0.8862794041633606,0.9296912550926208,0.9004079699516296,0.8979865908622742,0.9025408029556274,0.8927037715911865,0.8921588063240051,0.8894299864768982,0.925845205783844,0.8684298992156982,0.8696020841598511,0.8904371857643127,0.9155459403991699,0.9147050976753235,0.8679560422897339,0.8839799761772156,0.8867104649543762,0.899742066860199,0.8968377113342285,0.8644344210624695,0.874100923538208,0.9066266417503357,0.8976927399635315,0.8564385175704956,0.9071220755577087,0.8999165892601013,0.895512580871582,0.8905531167984009,0.908798336982727,0.8977421522140503,0.9012477993965149,0.8885947465896606,0.8816019892692566,0.925658643245697,0.8784738779067993,0.907359778881073,0.9168573021888733,0.8845213651657104,0.8856101632118225,0.9173606634140015,0.8745039105415344,0.9051492214202881,0.9142856001853943,0.9148550033569336,0.9263420701026917,0.8922109603881836,0.8870068788528442,0.8983209133148193,0.8689864873886108,0.8335415720939636,0.9143608808517456,0.8896975517272949,0.9070003628730774,0.9053364992141724,0.9018364548683167,0.8844857215881348,0.8777898550033569,0.878023087978363,0.8779553771018982,0.9382859468460083,0.9005718231201172,0.9013283848762512,0.9091063737869263,0.9034130573272705,0.9312876462936401,0.9255148768424988,0.9167044162750244,0.9236644506454468,0.8873675465583801,0.8576188683509827,0.8755912780761719,0.9342420101165771,0.9007663726806641,0.8847099542617798,0.910598874092102,0.8924074769020081,0.9027095437049866,0.8891011476516724,0.9031118750572205,0.8898805379867554,0.8822165727615356,0.9196668863296509,0.8831005096435547,0.9056022763252258,0.9090152978897095,0.899999737739563,0.8984071612358093,0.9135705828666687,0.8832834362983704,0.8651950359344482,0.8728199005126953,0.9224762320518494,0.8915330171585083,0.9012634754180908,0.9023138880729675,0.9000858664512634
