base_seed,objective_name,obj_description,solver_name,solver_description,dataset_name,idx_rep,sampling_strategy,file_objective,file_solver,p_solver_denoiser,p_solver_zeta,file_dataset,p_dataset_physics,p_dataset_noise,p_dataset_mask,p_dataset_img_size,p_dataset_debug,stop_val,time,objective_PSNR,objective_PSNR_std,objective_LPIPS,objective_LPIPS_std,env-OMP_NUM_THREADS,platform,platform-architecture,platform-release,platform-version,system-cpus,system-processor,system-ram (GB),version-cuda,version-numpy,version-numpy-libs,version-scipy,benchmark-git-tag,p_solver_sigma,p_solver_max_iter,run_date
0,DIV2K Inpainting easy,,"DDRM[denoiser=DRUNet,zeta=0.95]",,"DIV2K[debug=False,img_size=256,mask=0.3,noise=ZeroNoise,physics=Inpainting]",0,Run_once,objective.py,solvers/ddrm.py,DRUNet,0.95,datasets/div2k.py,Inpainting,ZeroNoise,0.3,256,False,1,1.8639839254319668e-06,27.424531421661374,2.4863072912153794,0.1007690917886793,0.039824519578633,,Linux,x86_64,6.12.101+deb13-amd64,#1 SMP PREEMPT_DYNAMIC Debian 6.12.101-1 (2026-08-05),32,Intel(R) Xeon(R) Gold 6142 CPU @ 2.60GHz,124,NVIDIA GeForce RTX 3090 Ti: cuda_12.4,2.4.6,,1.17.1,,,,2026-08-24T00:46:08.290152
0,DIV2K Inpainting easy,,"DDRM[denoiser=DiffUNet,zeta=0.95]",,"DIV2K[debug=False,img_size=256,mask=0.3,noise=ZeroNoise,physics=Inpainting]",0,Run_once,objective.py,solvers/ddrm.py,DiffUNet,0.95,datasets/div2k.py,Inpainting,ZeroNoise,0.3,256,False,1,1.769978553056717e-06,27.06465772628784,2.6730474923189305,0.091838610228151,0.0339689319864954,,Linux,x86_64,6.12.101+deb13-amd64,#1 SMP PREEMPT_DYNAMIC Debian 6.12.101-1 (2026-08-05),32,Intel(R) Xeon(R) Gold 6142 CPU @ 2.60GHz,124,NVIDIA GeForce RTX 3090 Ti: cuda_12.4,2.4.6,,1.17.1,,,,2026-08-24T00:46:08.290152
0,DIV2K Inpainting easy,,"DiffPIR[denoiser=DRUNet,zeta=0.95]",,"DIV2K[debug=False,img_size=256,mask=0.3,noise=ZeroNoise,physics=Inpainting]",0,Run_once,objective.py,solvers/diffpir.py,DRUNet,0.95,datasets/div2k.py,Inpainting,ZeroNoise,0.3,256,False,1,1.5900004655122757e-06,25.22028680801392,2.1888060740995976,0.2484353043138981,0.101685549225616,,Linux,x86_64,6.12.101+deb13-amd64,#1 SMP PREEMPT_DYNAMIC Debian 6.12.101-1 (2026-08-05),32,Intel(R) Xeon(R) Gold 6142 CPU @ 2.60GHz,124,NVIDIA GeForce RTX 3090 Ti: cuda_12.4,2.4.6,,1.17.1,,,,2026-08-24T00:46:08.290152
0,DIV2K Inpainting easy,,"DiffPIR[denoiser=DiffUNet,zeta=0.95]",,"DIV2K[debug=False,img_size=256,mask=0.3,noise=ZeroNoise,physics=Inpainting]",0,Run_once,objective.py,solvers/diffpir.py,DiffUNet,0.95,datasets/div2k.py,Inpainting,ZeroNoise,0.3,256,False,1,1.6640406101942062e-06,25.290588779449465,2.156749571162732,0.243559809923172,0.1001828291727597,,Linux,x86_64,6.12.101+deb13-amd64,#1 SMP PREEMPT_DYNAMIC Debian 6.12.101-1 (2026-08-05),32,Intel(R) Xeon(R) Gold 6142 CPU @ 2.60GHz,124,NVIDIA GeForce RTX 3090 Ti: cuda_12.4,2.4.6,,1.17.1,,,,2026-08-24T00:46:08.290152
0,DIV2K Inpainting easy,,DPIR[sigma=0.05],,"DIV2K[debug=False,img_size=256,mask=0.3,noise=ZeroNoise,physics=Inpainting]",0,Run_once,objective.py,solvers/dpir.py,,,datasets/div2k.py,Inpainting,ZeroNoise,0.3,256,False,1,2.540997229516506e-06,9.513461685180664,4.248107887294961,1.0074896112084388,0.2238265227833717,,Linux,x86_64,6.12.101+deb13-amd64,#1 SMP PREEMPT_DYNAMIC Debian 6.12.101-1 (2026-08-05),32,Intel(R) Xeon(R) Gold 6142 CPU @ 2.60GHz,124,NVIDIA GeForce RTX 3090 Ti: cuda_12.4,2.4.6,,1.17.1,,0.05,,2026-08-24T00:46:08.290152
0,DIV2K Inpainting easy,,DPIR[sigma=0.1],,"DIV2K[debug=False,img_size=256,mask=0.3,noise=ZeroNoise,physics=Inpainting]",0,Run_once,objective.py,solvers/dpir.py,,,datasets/div2k.py,Inpainting,ZeroNoise,0.3,256,False,1,1.978012733161449e-06,10.201831843852997,4.497766516958732,0.9406077989935876,0.2290858199838382,,Linux,x86_64,6.12.101+deb13-amd64,#1 SMP PREEMPT_DYNAMIC Debian 6.12.101-1 (2026-08-05),32,Intel(R) Xeon(R) Gold 6142 CPU @ 2.60GHz,124,NVIDIA GeForce RTX 3090 Ti: cuda_12.4,2.4.6,,1.17.1,,0.1,,2026-08-24T00:46:08.290152
0,DIV2K Inpainting easy,,"DPS[denoiser=DRUNet,max_iter=1000]",,"DIV2K[debug=False,img_size=256,mask=0.3,noise=ZeroNoise,physics=Inpainting]",0,Run_once,objective.py,solvers/dps.py,DRUNet,,datasets/div2k.py,Inpainting,ZeroNoise,0.3,256,False,1,1.467007678002119e-06,23.6544766998291,2.729075713428456,0.4108925164863467,0.1583247061434101,,Linux,x86_64,6.12.101+deb13-amd64,#1 SMP PREEMPT_DYNAMIC Debian 6.12.101-1 (2026-08-05),32,Intel(R) Xeon(R) Gold 6142 CPU @ 2.60GHz,124,NVIDIA GeForce RTX 3090 Ti: cuda_12.4,2.4.6,,1.17.1,,,1000.0,2026-08-24T00:46:08.290152
0,DIV2K Inpainting easy,,"DPS[denoiser=DiffUNet,max_iter=1000]",,"DIV2K[debug=False,img_size=256,mask=0.3,noise=ZeroNoise,physics=Inpainting]",0,Run_once,objective.py,solvers/dps.py,DiffUNet,,datasets/div2k.py,Inpainting,ZeroNoise,0.3,256,False,1,2.756016328930855e-06,23.3977466583252,2.6572719117597656,0.3667587891966104,0.1524189717708497,,Linux,x86_64,6.12.101+deb13-amd64,#1 SMP PREEMPT_DYNAMIC Debian 6.12.101-1 (2026-08-05),32,Intel(R) Xeon(R) Gold 6142 CPU @ 2.60GHz,124,NVIDIA GeForce RTX 3090 Ti: cuda_12.4,2.4.6,,1.17.1,,,1000.0,2026-08-24T00:46:08.290152
0,DIV2K Inpainting easy,,RAM,,"DIV2K[debug=False,img_size=256,mask=0.3,noise=ZeroNoise,physics=Inpainting]",0,Run_once,objective.py,solvers/ram.py,,,datasets/div2k.py,Inpainting,ZeroNoise,0.3,256,False,1,1.661013811826706e-06,27.19831262588501,2.3177321820499595,0.1336866731196642,0.0506617495280692,,Linux,x86_64,6.12.101+deb13-amd64,#1 SMP PREEMPT_DYNAMIC Debian 6.12.101-1 (2026-08-05),32,Intel(R) Xeon(R) Gold 6142 CPU @ 2.60GHz,124,NVIDIA GeForce RTX 3090 Ti: cuda_12.4,2.4.6,,1.17.1,,,,2026-08-24T00:46:08.290152
