,oversampling_ratio,repeat0,repeat1,repeat2,repeat3,repeat4,repeat5,repeat6,repeat7,repeat8,repeat9,repeat10,repeat11,repeat12,repeat13,repeat14,repeat15,repeat16,repeat17,repeat18,repeat19,repeat20,repeat21,repeat22,repeat23,repeat24,repeat25,repeat26,repeat27,repeat28,repeat29,repeat30,repeat31,repeat32,repeat33,repeat34,repeat35,repeat36,repeat37,repeat38,repeat39,repeat40,repeat41,repeat42,repeat43,repeat44,repeat45,repeat46,repeat47,repeat48,repeat49
0,1.0634766,0.14713777601718903,0.1879851222038269,0.3553009629249573,0.18761581182479858,0.0720394104719162,0.01399318315088749,0.02704985998570919,0.23975132405757904,0.23882243037223816,0.029455404728651047,0.21267473697662354,0.24359239637851715,0.13902418315410614,0.5357745289802551,0.01272770669311285,0.18865494430065155,0.03535892814397812,0.02471924014389515,0.01991625502705574,0.2324974685907364,0.012652454897761345,0.041951123625040054,0.03545386344194412,0.010742848739027977,0.23915396630764008,0.24000579118728638,0.004072289448231459,0.25030288100242615,0.5668761730194092,0.23991356790065765,0.0908893272280693,0.21940560638904572,0.060850586742162704,0.253082275390625,0.033679891377687454,0.04249510169029236,0.05791202187538147,0.06799399852752686,0.24414193630218506,0.04483899846673012,0.12661994993686676,0.039134327322244644,0.12030929327011108,0.02057134173810482,0.14284753799438477,0.10722119361162186,0.029290949925780296,0.039960041642189026,0.26666155457496643,0.10569072514772415
1,1.1289062,0.040910832583904266,0.07561083883047104,0.19794008135795593,0.009550454095005989,0.0415513701736927,0.03573531657457352,0.2659863233566284,0.16457262635231018,0.037875160574913025,0.016933316364884377,0.23757317662239075,0.05933436378836632,0.22912174463272095,0.26069706678390503,0.17514093220233917,0.222464457154274,0.12950319051742554,0.026127275079488754,0.1721542775630951,0.07793107628822327,0.004662575200200081,0.19385303556919098,0.23184724152088165,0.010370142757892609,0.03222603350877762,0.015145184472203255,0.20721204578876495,0.01201601978391409,0.2536686360836029,0.032217610627412796,0.020231550559401512,0.018579578027129173,0.11002632975578308,0.01818840578198433,0.02276560850441456,0.2572327256202698,0.02715332806110382,0.22529710829257965,0.22258396446704865,0.01905868388712406,0.6198354959487915,0.13491103053092957,0.01607721857726574,0.03337949886918068,0.14998453855514526,0.23611263930797577,0.25611573457717896,0.02203860692679882,0.011585546657443047,0.016044748947024345
2,1.1962891,0.007990933023393154,0.16152521967887878,0.012711907736957073,0.03194281831383705,0.0523737333714962,0.02644767425954342,0.008683862164616585,0.044910311698913574,0.19729773700237274,0.15757833421230316,0.053996916860342026,0.25183162093162537,0.07773792743682861,0.04408534616231918,0.027405381202697754,0.043313607573509216,0.0465768538415432,0.045376963913440704,0.09833384305238724,0.022759586572647095,0.037721503525972366,0.17113791406154633,0.32672253251075745,0.5427240133285522,0.014714422635734081,0.0758911594748497,0.049596160650253296,0.022134320810437202,0.20795075595378876,0.0015773082850500941,0.012596230953931808,0.15727075934410095,0.6389861106872559,0.014691915363073349,0.05908090993762016,0.06952124089002609,0.010516789741814137,0.008804315701127052,0.1871299296617508,0.03132324293255806,0.17843759059906006,0.003287198720499873,0.08845125138759613,0.020606961101293564,0.2632017433643341,0.09148160368204117,0.060287535190582275,0.022406969219446182,0.21403183043003082,0.17167899012565613
3,1.265625,0.009986687451601028,0.041830483824014664,0.016703708097338676,0.19199025630950928,0.011747211217880249,0.08316215127706528,0.015320816077291965,0.022647175937891006,0.03229028731584549,0.10406923294067383,0.050949204713106155,0.038659412413835526,0.029072316363453865,0.0011762387584894896,0.03330429270863533,0.0417805016040802,0.028663134202361107,0.0346335768699646,0.012271905317902565,0.28477463126182556,0.07321716845035553,0.034776706248521805,0.006347949616611004,0.04516054689884186,0.0036318849306553602,0.23891335725784302,0.16197705268859863,0.03815384954214096,0.01920122280716896,0.46132296323776245,0.050126347690820694,0.008164548315107822,0.01425772625952959,0.024125859141349792,0.03534863516688347,0.024944553151726723,0.5691028833389282,0.28214818239212036,0.09139426052570343,0.021251924335956573,0.017645277082920074,0.27868953347206116,0.30175530910491943,0.0026103993877768517,0.053244881331920624,0.014795009978115559,0.0279681459069252,0.03779368847608566,0.01085100881755352,0.006026321090757847
4,1.3369141,0.012845395132899284,0.013566192239522934,0.24583734571933746,0.015779169276356697,0.20480486750602722,0.009745624847710133,0.058657627552747726,0.046593401581048965,0.0949147492647171,0.26308631896972656,0.013168366625905037,0.11931826919317245,0.019016968086361885,0.06294407695531845,0.18564866483211517,0.14311163127422333,0.10953621566295624,0.22273534536361694,0.18199995160102844,0.0033602016046643257,0.21733209490776062,0.02158263698220253,0.15193741023540497,0.20154550671577454,0.015219248831272125,0.014993011951446533,0.08015917986631393,0.01970703899860382,0.23119498789310455,0.02440718561410904,0.015170374885201454,0.1829586923122406,0.2673126757144928,0.0077618262730538845,0.20875370502471924,0.2350829690694809,0.1895095705986023,0.07255597412586212,0.010681168176233768,0.213436558842659,0.019501961767673492,0.13663654029369354,0.15748289227485657,0.0701412633061409,0.016622798517346382,0.15221470594406128,0.03540889173746109,0.011206747964024544,0.03445048630237579,0.054685577750205994
5,1.4101562,0.05236063525080681,0.031624309718608856,0.10364695638418198,0.06447669863700867,0.1921798139810562,0.008564568124711514,0.13246960937976837,0.0358649417757988,0.019956018775701523,0.0025280271656811237,0.02684677764773369,0.20635196566581726,0.01695067621767521,0.024501435458660126,0.006675282027572393,0.09843407571315765,0.02477267012000084,0.255342572927475,0.0040273163467645645,0.434372216463089,0.08215690404176712,0.33357563614845276,0.1733422428369522,0.020617958158254623,0.011563058942556381,0.04325670376420021,0.3139204978942871,0.022885391488671303,0.04253567382693291,0.05170014873147011,0.0016205426072701812,0.006100601516664028,0.02109387516975403,0.0006289680604822934,0.012540592812001705,0.032244469970464706,0.03389805555343628,0.01080983318388462,0.007514032069593668,0.016439050436019897,0.046017225831747055,0.028579317033290863,0.02196326293051243,0.15459516644477844,0.012660320848226547,0.014998752623796463,0.08596303313970566,0.107964426279068,0.25300705432891846,0.03163669630885124
6,1.4853516,0.06054670736193657,0.020420873537659645,0.04263478145003319,0.006821112707257271,0.008656528778374195,0.047025252133607864,0.015997957438230515,0.03322805091738701,0.0023303800262510777,0.18903081119060516,0.006686643231660128,0.006636887323111296,0.00427942955866456,0.1392957717180252,0.014529339969158173,0.003930265083909035,0.027533771470189095,0.007264933083206415,0.024021511897444725,0.5530396699905396,0.054472774267196655,0.008536478504538536,0.02542058937251568,0.1837439239025116,0.013720639050006866,0.033593885600566864,0.02129560336470604,0.023854615166783333,0.0038980101235210896,0.01005468238145113,0.016404544934630394,0.0404028482735157,0.05407644435763359,0.0035668127238750458,0.012655569240450859,0.018799571320414543,0.010744714178144932,0.023249538615345955,0.010550811886787415,0.020023498684167862,0.011010142974555492,0.009106045588850975,0.17323945462703705,0.01895475946366787,0.010853759944438934,0.029485827311873436,0.03306068480014801,0.04602326825261116,0.012775149196386337,0.014498444274067879
7,1.5625,0.007910456508398056,0.019902769476175308,0.007880864664912224,0.059512484818696976,0.061450112611055374,0.016106583178043365,0.010844922624528408,0.012278945185244083,0.008837328292429447,0.002024824032559991,0.004107343498617411,0.0032539237290620804,0.0291580930352211,0.03310740739107132,0.002213060390204191,0.01659979671239853,0.004939223639667034,0.038973916321992874,0.04005911946296692,0.007197718136012554,0.024289362132549286,0.021975655108690262,0.06312225759029388,0.0002805920084938407,0.00761202210560441,0.01332493033260107,0.009759649634361267,0.0019227417651563883,0.004461489152163267,0.008386380039155483,0.01212612446397543,0.01512109488248825,0.11971289664506912,0.07933773100376129,0.006754723843187094,0.005146573763340712,0.061467815190553665,0.0024055615067481995,0.006734958849847317,0.25479447841644287,0.16944074630737305,0.06987686455249786,0.11660225689411163,0.006878611631691456,0.021816274151206017,0.006245721131563187,0.42718052864074707,0.05617387965321541,0.006269007455557585,0.01266566477715969
8,1.6416016,0.03219904005527496,0.005394964013248682,0.004383604507893324,0.06928519159555435,0.04018740355968475,0.04402897134423256,0.007959646172821522,0.014784637838602066,0.23404869437217712,0.09401814639568329,0.018141688778996468,0.07297567278146744,0.03188605234026909,0.014676939696073532,0.009946313686668873,0.01179331261664629,0.0032702803146094084,0.009160692803561687,0.014922468923032284,0.5883550047874451,0.0036696719471365213,0.1051410511136055,0.007611414417624474,0.06629164516925812,0.019028212875127792,0.03953799977898598,0.04533642902970314,0.13210776448249817,0.034925878047943115,0.19484512507915497,0.02007247507572174,0.025718962773680687,0.022372273728251457,0.009739956818521023,0.01417604647576809,0.008967041037976742,0.03802948817610741,0.06709600239992142,0.05354278162121773,0.02502845786511898,0.036520231515169144,0.04879680648446083,0.005172210745513439,0.051520828157663345,0.022703047841787338,0.06913816183805466,0.011927907355129719,0.1527405083179474,0.016646962612867355,0.01947839930653572
9,1.7226562,0.05063425004482269,0.13171517848968506,0.014555542729794979,0.02953680045902729,0.0025761339347809553,0.020391974598169327,0.22694578766822815,0.006602199282497168,0.00266742124222219,0.01791514828801155,0.007272662129253149,0.011923330835998058,0.03254420682787895,0.007905677892267704,0.028414469212293625,0.01819697394967079,0.6603211164474487,0.023548347875475883,0.0034523513168096542,0.024786600843071938,0.06261971592903137,0.025615332648158073,0.06482002139091492,0.0025772324297577143,0.0037992876023054123,0.004097485449165106,0.01001947745680809,0.005575289949774742,0.008534149266779423,0.07406159490346909,0.022348983213305473,0.012002366594970226,0.009868639521300793,0.029319627210497856,0.004591846372932196,0.2938736081123352,0.010951707139611244,0.0942966565489769,0.04514133185148239,0.007902896031737328,0.00451978063210845,0.06847252696752548,0.0028613770846277475,0.00846722163259983,0.03052609972655773,0.0314854271709919,0.006308162119239569,0.028575878590345383,0.03429105505347252,0.011849009431898594
10,1.8056641,0.01297562476247549,0.034711726009845734,0.025547534227371216,0.035164061933755875,0.1975790411233902,0.00407570693641901,0.016344578936696053,0.0023113065399229527,0.1330711543560028,0.001231006346642971,0.07874908298254013,0.0031340226996690035,0.004033111967146397,0.019544651731848717,0.01650026999413967,0.00789585616439581,0.029705597087740898,0.025689365342259407,0.008515440858900547,0.007703378330916166,0.005280281882733107,0.057246193289756775,0.007607350591570139,0.006713476963341236,0.010269003920257092,0.004789993166923523,0.03696481138467789,0.11017400026321411,0.07697176933288574,0.005280581768602133,0.0009768560994416475,0.024103322997689247,0.006852385587990284,0.03143687546253204,0.014069904573261738,0.00648372620344162,0.01370647456496954,0.020687459036707878,0.012444110587239265,0.0019204993732273579,0.007053083274513483,0.0026368452236056328,0.014632157981395721,0.0032531877513974905,0.03341689333319664,0.009543493390083313,0.0035131715703755617,0.00391868082806468,0.00972670502960682,0.007763147819787264
11,1.890625,0.007586608175188303,0.003871123306453228,0.004366878420114517,0.019229233264923096,0.01801624894142151,0.009194647893309593,0.09713533520698547,0.002927891444414854,0.015510806813836098,0.005353827495127916,0.002233305713161826,0.052495233714580536,0.003868892788887024,0.006580784451216459,0.015213406644761562,0.023101812228560448,0.00637772586196661,0.02272065356373787,0.04112641513347626,0.028796600177884102,0.02048865333199501,0.07111137360334396,0.01289769634604454,0.005887874402105808,0.018654828891158104,0.02751559019088745,0.010518582537770271,0.04182568937540054,0.005409423261880875,0.01820789836347103,0.008630036376416683,0.03651009500026703,0.044010329991579056,0.01112360693514347,0.03341400995850563,0.03996879234910011,0.01079235877841711,0.01126224733889103,0.007721525151282549,0.006417922209948301,0.01040946040302515,0.017321160063147545,0.009192057885229588,0.013482716865837574,0.00369771639816463,0.016856011003255844,0.004619008861482143,0.011663203127682209,0.012368486262857914,0.01620984449982643
12,1.9775391,0.007794575300067663,0.003434313926845789,0.01219209935516119,0.006747470702975988,0.0032176002860069275,0.01077675074338913,0.035744648426771164,0.006103447638452053,0.004031470511108637,0.01949220523238182,0.007695646956562996,0.0070254504680633545,0.003120454028248787,0.005155256018042564,0.030071059241890907,0.019412122666835785,0.005847032647579908,0.0011909964960068464,0.07960187643766403,0.003155804704874754,0.007545443717390299,0.032883625477552414,0.1748417317867279,0.010426034219563007,0.04172338917851448,0.01867755502462387,0.00740536255761981,0.014455914497375488,0.0076087466441094875,0.010220645926892757,0.01010755356401205,0.006090936250984669,0.024561690166592598,0.010995437391102314,0.010843748226761818,0.00931338407099247,0.003689770121127367,0.017019852995872498,0.012109264731407166,0.026111949235200882,0.004960701335221529,0.019351892173290253,0.013432610780000687,0.01070677861571312,0.009327073581516743,0.006661831866949797,0.0054610371589660645,0.0037377767730504274,0.08078621327877045,0.08196745812892914
13,2.0664062,0.0018208179390057921,0.002895130543038249,0.015331342816352844,0.005001704208552837,0.017857162281870842,0.014954263344407082,0.006961820647120476,0.0054130228236317635,0.006745055317878723,0.02779325470328331,0.011345486156642437,0.016718504950404167,0.0253547802567482,0.010655413381755352,0.006335797719657421,0.01257927156984806,0.0477750338613987,0.0015561205800622702,0.003733206307515502,0.011427829973399639,0.01362044271081686,0.008163592778146267,0.0013525350950658321,0.005627565551549196,0.0018981787143275142,0.0066922386176884174,0.0023587392643094063,0.015993226319551468,0.05947139859199524,0.008934316225349903,0.029855262488126755,0.06363265961408615,0.04977397993206978,0.0042198835872113705,0.029632538557052612,0.024653945118188858,0.002051922492682934,0.014193195849657059,0.0380210243165493,0.0027196824084967375,0.005897721741348505,0.015589180402457714,0.008123046718537807,0.01077366154640913,0.03233962133526802,0.009581250138580799,0.03983943536877632,0.029153337702155113,0.012323091737926006,0.007174863014370203
14,2.1572266,0.010895736515522003,0.004432940389961004,0.003946828655898571,0.012822738848626614,0.009842615574598312,0.014506306499242783,0.004063914529979229,0.011119382455945015,0.017690759152173996,0.0025312735233455896,0.002630505245178938,0.018022537231445312,0.006135414354503155,0.041447967290878296,0.0005086299497634172,0.02101922035217285,0.02044561877846718,0.003294029040262103,0.0016612419858574867,0.0017201529117301106,0.001004006713628769,0.009060005657374859,0.012894492596387863,0.014557622373104095,0.011919687502086163,0.003371794708073139,0.0012960901949554682,0.005568327847868204,0.01016147993505001,0.04087116941809654,0.03201316297054291,0.02477823570370674,0.05269821360707283,0.0093951765447855,0.004856104962527752,0.00607146555557847,0.007444855757057667,0.31494787335395813,0.001079739537090063,0.025173598900437355,0.0031170258298516273,0.004195499233901501,0.0032665312755852938,0.00814328994601965,0.012012302875518799,0.01066262274980545,0.004341641440987587,0.006548858247697353,0.006780104245990515,0.018589211627840996
15,2.25,0.003280552802607417,0.010503778234124184,0.0392143540084362,0.00833810679614544,0.011739551089704037,0.0031720458064228296,0.0019155358895659447,0.003908373881131411,0.008649132214486599,0.004355715587735176,0.006215265020728111,0.029567142948508263,0.006984546780586243,0.008512703701853752,0.0077268690802156925,0.00835106335580349,0.0026023744139820337,0.002868948271498084,0.009001190774142742,0.005381310358643532,0.01493186503648758,0.004320238716900349,0.011895866133272648,0.014655789360404015,0.001148519804701209,0.03393733873963356,0.0009478342835791409,0.01604742556810379,0.004542611073702574,0.0034548405092209578,0.011947433464229107,0.004602156113833189,0.010681870393455029,0.010171119123697281,0.005529229063540697,0.007844655774533749,0.002900909399613738,0.0026215845718979836,0.010092859156429768,0.0011286204680800438,0.007564461324363947,0.01738620549440384,0.004821194801479578,0.024450358003377914,0.0021265042014420033,0.00489906407892704,0.023194340988993645,0.03549809753894806,0.004491055384278297,0.004168029874563217
16,2.3447266,0.013543183915317059,0.00878140889108181,0.004454559646546841,0.021116606891155243,0.006886535789817572,0.003917963709682226,0.013666689395904541,0.019535185769200325,0.013638554140925407,0.006964519619941711,0.015987280756235123,0.08491408824920654,0.009666385129094124,0.023588163778185844,0.010175803676247597,0.005381586961448193,0.006145475897938013,0.005744018591940403,0.005994800012558699,0.004818892106413841,0.005365422461181879,0.025782641023397446,0.0017148276092484593,0.0037455034907907248,0.02647494524717331,0.003387292381376028,0.019709186628460884,0.008318633772432804,0.007003449369221926,0.008190933614969254,0.0188915953040123,0.016275959089398384,0.015537522733211517,0.012625000439584255,0.004397859796881676,0.008623728528618813,0.027616819366812706,0.006002520211040974,0.00775167578831315,0.005555222276598215,0.007082938216626644,0.017322788015007973,0.00958748534321785,0.010551520623266697,0.00534010911360383,0.006913338787853718,0.006400848738849163,0.013040447607636452,0.018254591152071953,0.005391772370785475
17,2.4414062,0.05836639180779457,0.0061762710101902485,0.003443067194893956,0.02370174415409565,0.012383007444441319,0.0023393796291202307,0.006902011577039957,0.018721846863627434,0.003732208162546158,0.009715540334582329,0.1262904554605484,0.007760332897305489,0.029348429292440414,0.01034739799797535,0.0038304668851196766,0.01867675967514515,0.007976410910487175,0.028754912316799164,0.053413599729537964,0.002615460893139243,0.014914033003151417,0.000841062399558723,0.028719838708639145,0.004602327477186918,0.002850594464689493,0.004210205748677254,0.010206369683146477,0.011545856483280659,0.02548288181424141,0.009406263008713722,0.002471271436661482,0.008831043727695942,0.01113397628068924,0.01849398948252201,0.01722257398068905,0.03487018123269081,0.002309211762621999,0.0009789339965209365,0.001672332757152617,0.0743478387594223,0.004395474214106798,0.025206955149769783,0.003262835554778576,0.007258255500346422,0.01863860711455345,0.014357531443238258,0.004203195217996836,0.006655910052359104,0.0074063497595489025,0.007385985925793648
18,2.540039,0.002669466193765402,0.017361624166369438,0.001187929417937994,0.0030286579858511686,0.007654326036572456,0.0012563593918457627,0.006298862863332033,0.004502752795815468,0.0006267122225835919,0.0021366646979004145,0.0035292673856019974,0.008576232939958572,0.0006236298358999193,0.006971542723476887,0.022627467289566994,0.04195912554860115,0.002690949710085988,0.005972387734800577,0.002249433659017086,0.002352830022573471,0.013019539415836334,0.008262009359896183,0.028897684067487717,0.015041405335068703,0.021053949370980263,0.00841184239834547,0.00929271150380373,0.003818226046860218,0.03392310068011284,0.006158612668514252,0.01179039478302002,0.00790645182132721,0.007897081784904003,0.003738889703527093,0.018124660477042198,0.002686053281649947,0.0387846939265728,0.015058713033795357,0.011185869574546814,0.01395534910261631,0.0013291608775034547,0.015779906883835793,0.0073131681419909,0.004961338825523853,0.006119503639638424,0.0025680616963654757,0.002955458825454116,0.022754443809390068,0.006105128675699234,0.0034166749101132154
19,2.640625,0.013607003726065159,0.013271606527268887,0.01797475479543209,0.02848631516098976,0.006787503138184547,0.005454347934573889,0.0005927237216383219,0.004014899488538504,0.005485279951244593,0.001882837270386517,0.00580701045691967,0.010310854762792587,0.004245833493769169,0.007545930333435535,0.0007020388729870319,0.031222190707921982,0.0054036155343055725,0.0005227821529842913,0.0028544734232127666,0.011194813996553421,0.001308734412305057,0.013777482323348522,0.004518608096987009,0.00476039806380868,0.0031903062481433153,0.006752049550414085,0.004367634654045105,0.0003882351447828114,0.003288716310635209,0.01210873294621706,0.004368039313703775,0.010106940753757954,0.025562748312950134,0.0029211773071438074,0.00859839841723442,0.009659708477556705,0.01910586468875408,0.02356822043657303,0.013739652931690216,0.00439839530736208,0.01167193241417408,0.0028920264448970556,0.008048192597925663,0.012827927246689796,0.006248152814805508,0.054312724620103836,0.04567044600844383,0.0014404538087546825,0.006174358539283276,0.00043875121627934277
20,2.743164,0.004966837354004383,0.00709242420271039,0.0030956289265304804,0.005255911033600569,0.010992052964866161,0.003243468701839447,0.012240290641784668,0.0037293664645403624,0.0049236551858484745,0.0012272715102881193,0.014788857661187649,0.006167999003082514,0.002067326568067074,0.05025863274931908,0.002332098316401243,0.00017464507254771888,0.005248076748102903,0.013662267476320267,0.010651483200490475,0.002421263139694929,0.0062119667418301105,0.0075403549708426,0.004699402023106813,0.002601690823212266,0.005604742094874382,0.005530302878469229,0.00510718347504735,0.0066396454349160194,0.009138647466897964,0.00473395548760891,0.03521890193223953,0.006750063970685005,0.01260747667402029,0.006678585894405842,0.004098895005881786,0.008863365277647972,0.004313098732382059,0.004155769478529692,0.00901256874203682,0.012950931675732136,0.014854858629405499,0.004414136055856943,0.005060797091573477,0.0034556109458208084,0.004247820470482111,0.009753619320690632,0.009018323384225368,0.0037427882198244333,0.010748584754765034,0.015138803981244564
21,2.8476562,0.00503946840763092,0.011904134415090084,0.011181226000189781,0.017810771241784096,0.008682580664753914,0.0020382062066346407,0.01521679200232029,0.0036229731049388647,0.0027505906764417887,0.01798817329108715,0.01112225092947483,0.005593182053416967,0.014511662535369396,0.0025613894686102867,0.005112063139677048,0.01837794855237007,0.004229581914842129,0.005363104864954948,0.005544761195778847,0.038811229169368744,0.007165365852415562,0.014986873604357243,0.005217863712459803,0.003363905008882284,0.01995195634663105,0.007318137679249048,0.01164474617689848,0.00999995693564415,0.0014345402596518397,0.16245591640472412,0.07368966192007065,0.0030855683144181967,0.009021150879561901,0.0022183398250490427,0.021240994334220886,0.0020352816209197044,0.06602730602025986,0.01125038880854845,0.04780047386884689,0.008000886999070644,0.004482620861381292,0.00880944263190031,0.0037633797619491816,0.008015615865588188,0.0037858649156987667,0.0037979227490723133,0.006577787920832634,0.00833522342145443,0.011354880407452583,0.009465181268751621
22,2.9541016,0.0031147620175033808,0.0023211948573589325,0.06864733248949051,0.009091855958104134,0.004771186504513025,0.0010741890873759985,0.0017510820180177689,0.0035646965261548758,0.009831033647060394,0.006059050094336271,0.009722234681248665,0.003870964515954256,0.0026465789414942265,0.008361994288861752,0.006319675128906965,0.0035072537139058113,0.00624440610408783,0.0051398673094809055,0.00513489218428731,0.007112330291420221,0.003429528558626771,0.029965614899992943,0.010851887054741383,0.007148620672523975,0.006432067137211561,0.0013890156988054514,0.00367933651432395,0.007854463532567024,0.00880769919604063,0.006891943048685789,0.008513571694493294,0.03095255419611931,0.016751162707805634,0.06106124073266983,0.014365090057253838,0.012674598954617977,0.0017558116232976317,0.02891046740114689,0.0010481406934559345,0.010763907805085182,0.005759955383837223,0.003943062853068113,0.004141432698816061,0.0113001000136137,0.009005573578178883,0.017046552151441574,0.027907295152544975,0.0050664255395531654,0.0004896489554084837,0.16320350766181946
23,3.0625,0.0034746674355119467,0.00460653705522418,0.008772704750299454,0.0037424627225846052,0.00920836441218853,0.006207282189279795,0.0009820223785936832,0.01471268106251955,0.019200360402464867,0.0011322207283228636,0.0019489526748657227,0.0013917397009208798,0.006812856066972017,0.05116765946149826,0.002783790696412325,0.0009413821389898658,0.008492695167660713,0.006236138753592968,0.015756405889987946,0.0009596544550731778,0.012802324257791042,0.005977103020995855,0.0385151132941246,0.0017713438719511032,0.016049692407250404,0.006971356924623251,0.009015092626214027,0.006052997894585133,0.007859069854021072,0.006990503985434771,0.011247655376791954,0.012529443018138409,0.002602353459224105,0.0038512751925736666,0.028300732374191284,0.005031268578022718,0.004062773659825325,0.0023762702476233244,0.0059786587953567505,0.0031880768947303295,0.004853557795286179,0.0032693014945834875,0.002879127161577344,0.008712658658623695,0.11470360308885574,0.011931386776268482,0.008109205402433872,0.00785970501601696,0.018089253455400467,0.039106905460357666
24,3.1728516,0.01216694712638855,0.005349545739591122,0.002344244858250022,0.0057694879360497,0.005200133193284273,0.008083783090114594,0.0015612647403031588,0.002405596897006035,0.0007450756384059787,0.019055750221014023,0.0052865538746118546,0.013442427851259708,0.004341781605035067,0.01376422680914402,0.004822255112230778,0.0025144913233816624,0.004307319410145283,0.13222277164459229,0.003691434394568205,0.006762199103832245,0.0008645905181765556,0.029238145798444748,0.003733379067853093,0.0020265961065888405,0.0038021295331418514,0.005211215931922197,0.0016729780472815037,0.005006955470889807,0.0039438470266759396,0.004215735476464033,0.007114812731742859,0.00781900342553854,0.0075854710303246975,0.0035028981510549784,0.005514379590749741,0.007853184826672077,0.015111361630260944,0.0031408886425197124,0.0024403624702244997,0.01039060577750206,0.01447220891714096,0.017532866448163986,0.007419900968670845,0.03223541006445885,0.00408029742538929,0.003702280344441533,0.009671525098383427,0.01222003810107708,0.0011959029361605644,0.001711779972538352
25,3.2851562,0.019882112741470337,0.004621014464646578,0.000861708598677069,0.008580174297094345,0.030491793528199196,0.01096420455724001,0.0066979113034904,0.0013946591643616557,0.026996102184057236,0.0015522760804742575,0.008381140418350697,0.0015116460854187608,0.010723570361733437,0.010387641377747059,0.0011323305079713464,0.004598816391080618,0.002099428791552782,0.002825510688126087,0.006936292164027691,0.007730542216449976,0.011334186419844627,0.07824014127254486,0.0014746320666745305,0.015312290750443935,0.000933375209569931,0.002182969357818365,0.0063964612782001495,0.0009602175559848547,0.011649807915091515,0.007382511161267757,0.00578321423381567,0.024698790162801743,0.007651881780475378,0.006814840715378523,0.004755986854434013,0.0040939319878816605,0.006366782356053591,0.00277822557836771,0.008894803933799267,0.002495154971256852,0.007543791085481644,0.014460538513958454,0.002536099636927247,0.002308540977537632,0.0026707553770393133,0.0016148989088833332,0.0032975305803120136,0.0006333388737402856,0.0028435103595256805,0.0067794653587043285
26,3.399414,0.006496082991361618,0.008008669130504131,0.03721620887517929,0.0021964809857308865,0.006040070205926895,0.014104614034295082,0.009771723300218582,0.001206334331072867,0.0028716735541820526,0.007142586633563042,0.005847966764122248,0.028160542249679565,0.012877902947366238,0.009059303440153599,0.011551939882338047,0.001372317667119205,0.006498710718005896,0.025273671373724937,0.005013077519834042,0.002567584626376629,0.019920187070965767,0.009196566417813301,0.0005539197591133416,0.009001563303172588,0.004070520866662264,0.003303681965917349,0.023660803213715553,0.008623722940683365,0.005115650128573179,0.03784304857254028,0.0005887899314984679,0.00745239295065403,0.014153430238366127,0.0016834096750244498,0.005497807636857033,0.041642677038908005,0.0015209370758384466,0.007861221209168434,0.0538153238594532,0.04709615558385849,0.01246755849570036,0.004773929249495268,0.0033386689610779285,0.00329987914301455,0.014716492965817451,0.0008094828226603568,0.003489237977191806,0.0009170204284600914,0.008396019227802753,0.012632288970053196
27,3.515625,0.0007885695085860789,0.0022247787564992905,0.002456716960296035,0.0023075779899954796,0.004095456562936306,0.01255543902516365,0.007157298736274242,0.005831413436681032,0.005593020934611559,0.0051504019647836685,0.019699731841683388,0.00794933270663023,0.010384091176092625,0.0034577581100165844,0.0036414561327546835,0.051966145634651184,0.0015565924113616347,0.005487749353051186,0.023838452994823456,0.006561989430338144,0.0020648769568651915,0.005912618711590767,0.006105623207986355,0.0001875549933174625,0.002430516527965665,0.00262291356921196,0.014110294170677662,0.0028333186637610197,0.0045123049058020115,0.0037187840789556503,0.002768866252154112,0.0019937006291002035,0.04616723209619522,0.001792853930965066,0.00454084575176239,0.022266359999775887,0.0013061711797490716,0.0021255521569401026,0.01302251499146223,0.004442343953996897,0.00969345960766077,0.011195454746484756,0.0038206353783607483,0.02528855763375759,0.0015136220026761293,0.007300231140106916,0.003353218547999859,0.0005711837438866496,0.004159134346991777,0.0023743961937725544
28,3.633789,0.007340266369283199,0.004763317760080099,0.0028001698665320873,0.003969974350184202,0.04018627107143402,0.0019835294224321842,0.003388583194464445,0.00943832378834486,0.009008482098579407,0.002185961464419961,0.014080210588872433,0.005555865354835987,0.00657517509534955,0.004434308968484402,0.0028124344535171986,0.0036749008577317,0.007316885981708765,0.0023954047355800867,0.008849814534187317,0.0005781225627288222,0.005736394319683313,0.006164842750877142,0.0033122734166681767,0.01809614524245262,0.004863870330154896,0.023753274232149124,0.002098737983033061,0.0026166641619056463,0.003948185592889786,0.011792766861617565,0.019049271941184998,0.0020586326718330383,0.00990273617208004,0.0124977957457304,0.033516526222229004,0.0026629443746060133,0.007345249876379967,0.005460378713905811,0.00782954040914774,0.0625012144446373,0.005123192444443703,0.001195693970657885,0.004131779540330172,0.009477192535996437,0.008091439493000507,0.0034872787073254585,0.0021649058908224106,0.0017575329402461648,0.01679389737546444,0.004010081756860018
29,3.7539062,0.002014745492488146,0.005074916407465935,0.002237563021481037,0.008348098024725914,0.0019777684938162565,0.0037530241534113884,0.0015189261175692081,0.015492263250052929,0.0017425887053832412,0.00036052672658115625,0.0018664292292669415,0.0015963991172611713,0.002431111875921488,0.00417662737891078,0.008296990767121315,0.00468286219984293,0.002761784940958023,0.006234040483832359,0.00791504792869091,0.004959213547408581,0.0270205307751894,0.16157220304012299,0.0038719861768186092,0.005687505938112736,0.004873159807175398,0.0030135794077068567,0.011058622039854527,0.0049985297955572605,0.07733594626188278,0.012059408240020275,0.013665706850588322,0.006217657122761011,0.0032146901357918978,0.001644373289309442,0.0038580861873924732,0.004400176461786032,0.002265345538035035,0.008418437093496323,0.0026440024375915527,0.16710279881954193,0.0060687898658216,0.011973803862929344,0.24132631719112396,0.00046637316700071096,0.006109160371124744,0.02517187036573887,0.0045513007789850235,0.0023720096796751022,0.013059841468930244,0.02640957199037075
30,3.8759766,0.01340841967612505,0.002761278534308076,0.005702066235244274,0.003479002509266138,0.041579440236091614,0.006430928595364094,0.0030486099421977997,0.001575199537910521,0.0078761400654912,0.002452307613566518,0.0049291630275547504,0.004760035313665867,0.0050095608457922935,0.0010485814418643713,0.012716565281152725,0.004155601374804974,0.0005323128425516188,0.0016599723603576422,0.01692911423742771,0.004472960717976093,0.0054976982064545155,0.004308727569878101,0.005854000337421894,0.008190828375518322,0.0036531169898808002,0.007569532375782728,0.009953144937753677,0.00826575793325901,0.01190185546875,0.0008747469983063638,0.004148166626691818,0.014196047559380531,0.006891299970448017,0.007116031367331743,0.00669108284637332,0.002582723740488291,0.006973273120820522,0.000132083470816724,0.015612391754984856,0.002541000721976161,0.0005464335554279387,0.01647704280912876,0.004466738551855087,0.004867364186793566,0.0005182205350138247,0.005128317046910524,0.00030937345582060516,0.002642974490299821,0.009408142417669296,0.004647271241992712
31,4.0,0.004399725701659918,0.0009502656757831573,0.0006940827006474137,0.0032870168797671795,0.018610868602991104,0.011765477247536182,0.002595184138044715,0.0015649315901100636,0.006711677182465792,0.01401673536747694,0.006153196096420288,0.016180647537112236,0.019473809748888016,0.0005322027136571705,0.0022053990978747606,0.04269053414463997,0.0027919914573431015,0.00525315897539258,0.036881498992443085,0.0113423066213727,0.07806846499443054,0.0038172982167452574,0.0025073119904845953,0.0011121423449367285,0.008122775703668594,0.004933408461511135,0.0015065204352140427,0.0038818297907710075,0.0032993550412356853,0.010047759860754013,0.011378851719200611,0.005826479755342007,0.007876759395003319,0.003164048306643963,0.0015064841136336327,0.0012703585671260953,0.0013447579694911838,0.002885009627789259,0.004002560395747423,0.0028180324006825686,0.0735902339220047,0.01311457622796297,0.16195502877235413,0.004428144544363022,0.0028132961597293615,0.01030914206057787,0.0014877115609124303,0.030738668516278267,0.0032361899502575397,0.0023749538231641054
32,4.1259766,0.0019869115203619003,0.0240822471678257,0.0034783773589879274,0.0024954574182629585,0.018425239250063896,0.007161250337958336,0.001609046827070415,0.013101509772241116,0.016830800101161003,0.011310696601867676,0.009379912167787552,0.0033691206481307745,0.002214084379374981,0.0032642597798258066,0.005775013938546181,0.00788197387009859,0.002892920048907399,0.00411756057292223,0.003116896841675043,0.004013761878013611,0.006541987415403128,0.006685508880764246,0.008636528626084328,0.002008065115660429,0.010102365165948868,0.003934767097234726,0.0020193958189338446,0.0011824151733890176,0.0023865257389843464,0.0016400688327848911,0.0011720005422830582,0.00018336363427806646,0.007108718156814575,0.002129053696990013,0.005079637281596661,0.01712758280336857,0.010216310620307922,0.0009408400510437787,0.01123342290520668,0.008386735804378986,0.0055571068078279495,0.001929189544171095,0.00397776672616601,0.0027243562508374453,0.013217299245297909,0.017168249934911728,0.005110986530780792,0.002903326414525509,0.027388503775000572,0.007823572494089603
33,4.2539062,0.0012630341807380319,0.020663263276219368,0.004223989322781563,0.003836546093225479,0.002627616748213768,0.004785789176821709,0.006355719640851021,0.0020231076050549746,0.005004953593015671,0.02244184911251068,0.0018209522822871804,0.006048263516277075,0.0034367763437330723,0.0018321041716262698,0.008431334979832172,0.007502416614443064,0.004854894243180752,0.005429221782833338,0.0018335548229515553,0.001132260193116963,0.009208244271576405,0.0027164833154529333,0.0042877946980297565,0.0016102922381833196,0.004947870969772339,0.0008754074806347489,0.0024746444541960955,0.005597639828920364,0.00232504028826952,0.016621844843029976,0.008735855109989643,0.0017239396693184972,0.006987863220274448,0.007081116084009409,0.006053278688341379,0.006720161531120539,0.010590576566755772,0.001827948377467692,0.008555395528674126,0.005460639949887991,0.01120498776435852,0.021334901452064514,0.0030352172907441854,0.0023113698698580265,0.005888314452022314,0.0028834796976298094,0.0016376740531995893,0.00631401501595974,0.0060345930978655815,0.00272164773195982
34,4.383789,0.004690819885581732,0.0017111400375142694,0.002252723556011915,0.0030195165891200304,0.0061985948123037815,0.012993494980037212,0.014948800206184387,0.0018787505105137825,0.0005280530313029885,0.003068427788093686,0.0032773816492408514,0.005884855054318905,0.004236455541104078,0.0025118193589150906,0.024205641821026802,0.0078726876527071,0.014385665766894817,0.004059187602251768,0.007163464557379484,0.0032998421229422092,0.0018534862902015448,0.0011738702887669206,0.0013593798503279686,0.03312404826283455,0.0124001270160079,0.000647001841571182,0.007551494985818863,0.001961816567927599,0.004169737454503775,0.0033641825430095196,0.0021760715171694756,0.003368035424500704,0.008442549034953117,0.004994349088519812,0.0012406083988025784,0.001835230621509254,0.04144630953669548,0.0027608259115368128,0.0019077598117291927,0.003987065516412258,0.0025107096880674362,0.0027777766808867455,0.006339467130601406,0.0019184352131560445,0.019925802946090698,0.00421809870749712,0.0024952373933047056,0.0035546449944376945,0.018883341923356056,0.006669946480542421
35,4.515625,0.010672968812286854,0.0194526556879282,0.0045080059207975864,0.00935376901179552,0.003491748124361038,0.0035947072319686413,0.006101729813963175,0.00918508693575859,0.002329951850697398,0.0023460083175450563,0.0020777396857738495,0.0007154375198297203,0.006144828628748655,0.0032354730647057295,0.0031990897841751575,0.006230159197002649,0.007864676415920258,0.00604425510391593,0.005014510825276375,0.002676090458407998,0.0063304295763373375,0.003942722920328379,0.0018275498878210783,0.0009340684628114104,0.0012237979099154472,0.003224253887310624,0.009142589755356312,0.8227823376655579,7.919565541669726e-05,0.0013784336624667048,0.0026881408412009478,0.002009154763072729,0.0009563117637299001,0.006065958179533482,0.002421337179839611,0.002879217965528369,0.002762947231531143,0.0056996895000338554,0.004586214665323496,0.016888082027435303,0.0018425410380586982,0.004368006717413664,0.003960206173360348,0.0029074102640151978,0.00481670955196023,0.002876108279451728,0.008060307241976261,0.008647220209240913,0.057986069470644,0.008399618789553642
36,4.649414,0.006075977813452482,0.0064981477335095406,0.0036145036574453115,0.007605344522744417,0.004721697885543108,0.0028500771149992943,0.002219787100329995,0.005995953921228647,0.006927079055458307,0.0016441668849438429,0.002805587835609913,0.007634514477103949,0.031725410372018814,0.002536740619689226,0.01568240486085415,0.0045537021942436695,0.003186141373589635,0.028029484674334526,0.001134152291342616,0.0028072583954781294,0.0030159458983689547,0.0034335856325924397,0.019482344388961792,0.0029535270296037197,0.0033194669522345066,0.003630590857937932,0.001593092456459999,0.007499898783862591,0.004827444441616535,0.002722129225730896,0.0036956798285245895,0.000758353911805898,0.009451625868678093,0.009493259713053703,0.016701482236385345,0.007153275888413191,0.0073454659432172775,0.015754837542772293,0.0038186300080269575,0.003964703995734453,0.0009615487651899457,0.0010655553778633475,0.005806673318147659,0.002731116022914648,0.0011354928137734532,0.00362901552580297,0.00333264097571373,0.003976128995418549,0.003992605488747358,0.005062258802354336
37,4.7851562,0.0018688940908759832,0.002825227566063404,0.003706469899043441,0.0030743225943297148,0.0021244364324957132,0.0016491677379235625,0.0008241419564001262,0.002980706747621298,0.002016151323914528,0.0035794065333902836,0.0011160563444718719,0.012097849510610104,0.007293821312487125,0.003377078101038933,0.005004541948437691,0.0125099653378129,0.008903643116354942,0.00531415268778801,0.00109972117934376,0.002209360944107175,0.002930464455857873,0.0015730636660009623,0.0037847086787223816,0.0026462741661816835,0.0024195373989641666,0.0026633318047970533,0.02796606905758381,0.008463505655527115,0.01271701231598854,0.0020581227727234364,0.00424784142524004,0.003797732526436448,0.004105621483176947,0.0038712285459041595,0.013738337904214859,0.008737526834011078,0.008997440338134766,0.0019401442259550095,0.015786491334438324,0.0016145049594342709,0.0009867153130471706,0.006400682497769594,0.009819515980780125,0.5888519287109375,0.0025851621758192778,0.0016658391105011106,0.0027539068832993507,0.0039514717645943165,0.009145740419626236,0.015789296478033066
38,4.9228516,0.002773864893242717,0.002753057051450014,0.001371300546452403,0.012189256958663464,0.007188508287072182,0.0052351499907672405,0.0031382725574076176,0.001315882196649909,0.012083915062248707,0.007781886961311102,0.0010838351445272565,0.003544403472915292,0.001084831659682095,0.005217349622398615,0.0033040023408830166,0.0024864785373210907,0.002513113897293806,0.0025761183351278305,0.0071016536094248295,0.002167855389416218,0.0015005676541477442,0.013953295536339283,0.006023352034389973,0.003457392333075404,0.004416723735630512,0.003118939930573106,0.0011549200862646103,0.0038638177793473005,0.0016340406145900488,0.010975975543260574,0.007301650941371918,0.0037570332642644644,0.016371704638004303,0.0018953651888296008,0.008119619451463223,0.004376815631985664,0.005011154338717461,0.0015705112600699067,0.002455064095556736,0.00946048740297556,0.0032145383302122355,0.0011319348122924566,0.004849161021411419,0.022531647235155106,0.004721398930996656,0.001523776794783771,0.008674374781548977,0.008188172243535519,0.0014628004282712936,0.005407251417636871
39,5.0625,0.006956212222576141,0.018288927152752876,0.0010287687182426453,0.00753357307985425,0.001594256842508912,0.002426842926070094,0.005817941855639219,0.0004645019071176648,0.0014922639820724726,0.02360418066382408,0.003171476535499096,0.001508433953858912,0.006507863290607929,0.006165580358356237,0.035484105348587036,0.001434760051779449,0.006699091289192438,0.0021531684324145317,0.0035027507692575455,0.03266969695687294,0.0016662759007886052,0.001307265367358923,0.0009135978179983795,0.0027053686790168285,0.01578442193567753,0.013741048984229565,0.006902770139276981,0.00338297919370234,0.0020182179287075996,0.005328342318534851,0.0027075365651398897,0.0027144853956997395,0.0032741993200033903,0.0027283248491585255,0.003614791901782155,0.004278893116861582,0.001332113635726273,0.0005754170706495643,0.013785509392619133,0.006459671538323164,0.00895240530371666,0.001955540617927909,0.0007616436923854053,0.00530890841037035,0.002206936478614807,0.007790926843881607,0.004205350764095783,0.0013763412134721875,0.0060983700677752495,0.0023658298887312412
40,5.2041016,0.0007977081695571542,0.004247534554451704,0.000533896847628057,0.009690462611615658,0.008274470455944538,0.0038189105689525604,0.0016680454136803746,0.008761684410274029,0.0013344205217435956,0.003758400445804,0.012591654434800148,0.0034865906927734613,0.004318841267377138,0.003687272546812892,0.0006864153547212481,0.0009975155116990209,0.0020255965646356344,0.0002883115957956761,0.002144792815670371,0.005755404010415077,0.013120095245540142,0.004187736194580793,0.004803948104381561,0.005129878409206867,0.0024270496796816587,0.005692420527338982,0.03386220708489418,0.003395002568140626,0.0024271125439554453,0.010545969009399414,0.007519794162362814,0.003687105840072036,0.0027451880741864443,0.00687696598470211,0.10404641926288605,0.043253783136606216,0.001777552766725421,0.007833805866539478,0.002130839740857482,0.0028316215611994267,0.0029754694551229477,0.0006288251606747508,0.004287488758563995,0.022099362686276436,0.002766580553725362,0.00789465568959713,0.007759801112115383,0.00287010264582932,0.002076429780572653,0.009323889389634132
41,5.3476562,0.0015801956178620458,0.011645106598734856,0.007336948066949844,0.0008892299374565482,0.0012979687890037894,0.003195416647940874,0.0065443068742752075,0.003975545987486839,0.02987634763121605,0.014765816740691662,0.001290143234655261,0.016311755403876305,0.0028666553553193808,0.0017421320080757141,0.0032040264923125505,0.004577765706926584,0.0014695326099172235,0.01872890815138817,0.006175374612212181,0.0006952855037525296,0.004394139163196087,0.004766718950122595,0.0022658975794911385,0.002328872913494706,0.0034184479154646397,0.0023030065931379795,0.0017317293677479029,0.012597715482115746,0.0016539432108402252,0.0054031857289373875,0.0012068790383636951,0.0024328604340553284,0.0020562433637678623,0.007511516101658344,0.0060762506909668446,0.003281740937381983,0.008837227709591389,0.004720746073871851,0.0013279746053740382,0.0011764096561819315,0.009342832490801811,0.00962537620216608,0.0010123277315869927,0.0018933677347376943,0.0037097579333931208,0.01974456198513508,0.0028286511078476906,0.0038604808505624533,0.0018299055518582463,0.003943286836147308
42,5.493164,0.039080724120140076,0.0014713588170707226,0.00102132314350456,0.01326602604240179,0.00707224803045392,0.0011551172938197851,0.004619864746928215,0.03358260542154312,0.002840409055352211,0.00668012211099267,0.010045163333415985,0.0010682023130357265,0.009195341728627682,0.0015693812165409327,0.02385987900197506,0.02666841261088848,0.010111149400472641,0.0010453816503286362,0.004423849750310183,0.00399528443813324,0.007240941748023033,0.0010807594517245889,0.013393063098192215,0.007890426553785801,0.002281427616253495,0.0017352026188746095,0.0033908651676028967,0.006813494022935629,0.014451626688241959,0.007339430972933769,0.0004702111764345318,0.04781591519713402,0.0019140136428177357,0.009141981601715088,0.004746032413095236,0.004340507090091705,0.0037393192760646343,0.0019644643180072308,0.0031065104994922876,0.002966455649584532,0.009610326029360294,0.0022546397522091866,0.010422815568745136,0.0018612375715747476,0.0034186129923909903,0.0016524925595149398,0.01142749935388565,0.0024211788550019264,0.0018813873175531626,0.0024459187407046556
43,5.640625,0.0018965837080031633,0.0019283818546682596,0.0013743668096140027,0.0015974345151335,0.004230952356010675,0.002067245077341795,0.006230182480067015,0.005744315683841705,0.0028817271813750267,0.0056495522148907185,0.005527995526790619,0.0016943443333730102,0.003518313867971301,0.02888754941523075,0.005136291962116957,0.003409263212233782,0.002157027367502451,0.0017274729907512665,0.0005650451639667153,0.028103651478886604,0.007391870021820068,0.000661983503960073,0.008949166163802147,0.007357007823884487,0.011244252324104309,0.0041819908656179905,0.0011750065023079515,0.001067803124897182,0.0018947827629745007,0.0016875191358849406,0.005657510831952095,0.0010808837832883,0.022943533957004547,0.0017726311925798655,0.0035437969490885735,0.0056954179890453815,0.007264767307788134,0.0063125621527433395,0.009310624562203884,0.005053041968494654,0.005929502192884684,0.002792328130453825,0.0014931632904335856,0.007177282124757767,0.0032496831845492125,0.014974446967244148,0.003326058154925704,0.004494802560657263,0.008094178512692451,0.0018649749690666795
44,5.790039,0.0016707675531506538,0.004040825646370649,0.00714262155815959,0.0005801778752356768,0.011188240721821785,0.0045075747184455395,0.008245300501585007,0.0010199662065133452,0.0038403915241360664,0.0017634056275710464,0.004650082904845476,0.003671768819913268,0.006191669497638941,0.0074623944237828255,0.013022173196077347,0.0029488932341337204,0.002225189935415983,0.004478968679904938,0.0014328253455460072,0.014919238165020943,0.006319617852568626,0.0030840914696455,0.001008385675959289,0.0033839314710348845,0.005556806921958923,0.001516301417723298,0.015937726944684982,0.006722872145473957,0.0033603403717279434,0.0018775758799165487,0.005904615391045809,0.0015023750020191073,0.004884270019829273,0.00744469091296196,0.0020305935759097338,0.009688640013337135,0.0019467684905976057,0.018440041691064835,0.009107491932809353,0.0036711362190544605,0.020306680351495743,0.0020824382081627846,0.0012873847736045718,0.00351635436527431,0.0006226191762834787,0.00469666114076972,0.00168545579072088,0.004201963078230619,0.005108887795358896,0.004839810077100992
45,5.9414062,0.002355811186134815,0.0015663456870242953,0.013408654369413853,0.0025313645601272583,0.0047142826952040195,0.00742077361792326,0.013592864386737347,0.0020235441625118256,0.031156064942479134,0.004802774637937546,0.000692036235705018,0.002617344493046403,0.0032354777213186026,0.005536720156669617,0.0018913558451458812,0.004714115057140589,0.012364533729851246,0.010620813816785812,0.004287342540919781,0.005553777329623699,0.001597594702616334,0.002348837209865451,0.018764492124319077,0.0018167224479839206,0.016576889902353287,0.010403050109744072,0.0024852000642567873,0.01064869575202465,0.0050854552537202835,0.031300172209739685,0.02067967876791954,0.09081938117742538,0.003139841603115201,0.0060748085379600525,0.0008013517362996936,0.027863066643476486,0.0019413556437939405,0.004639275837689638,0.005761512089520693,0.0030251573771238327,0.011041833087801933,0.0016949011478573084,0.004522825125604868,0.002553083933889866,0.003107211086899042,0.0012548803351819515,0.0023392606526613235,0.005077101290225983,0.00766503531485796,0.0039816685020923615
46,6.0947266,0.0029927180148661137,0.0039672343991696835,0.005762259475886822,0.005099751986563206,0.0008773852023296058,0.005891172215342522,0.005276397801935673,0.006330632138997316,0.016495591029524803,0.015051595866680145,0.005524453241378069,0.012068168260157108,0.0007227791356854141,0.002041746163740754,0.0032452617306262255,0.013080397620797157,0.012378405779600143,0.005589049309492111,0.0021138472948223352,0.002199512906372547,0.007524225395172834,0.010511471889913082,0.016597893089056015,0.00830119103193283,0.005444351118057966,0.0023116450756788254,0.0032093054614961147,0.0052360850386321545,0.0007821088656783104,0.005812020041048527,0.002219878137111664,0.023850001394748688,0.0021010772325098515,0.0008833495667204261,0.0046585858799517155,0.002402464160695672,0.009245741181075573,0.008752609603106976,0.017769508063793182,0.0032776242587715387,0.007674422115087509,0.009258974343538284,0.000144135148730129,0.006728210486471653,0.004054699093103409,0.00870213471353054,0.003409973345696926,0.006736531388014555,0.018768327310681343,0.01242990791797638
47,6.25,0.005684711504727602,0.019159454852342606,0.0006355578661896288,0.0030426280573010445,0.002910698764026165,0.0010852380655705929,0.009475210681557655,0.0016410464886575937,0.0067700548097491264,0.0016970249125733972,0.0021457639522850513,0.0072173746302723885,0.0033424990251660347,0.0032476731576025486,0.005992276128381491,0.004789900034666061,0.0015107677318155766,0.023127157241106033,0.002387178363278508,0.005966951139271259,0.004155756905674934,0.004102923441678286,0.0032388092949986458,0.001443812856450677,0.0005406569107435644,0.0019604028202593327,0.004465105477720499,0.003376772627234459,0.003227485343813896,0.0017578236293047667,0.005936461500823498,0.0076031992211937904,0.0021233651787042618,0.007732233498245478,0.008374551311135292,0.005860283970832825,0.0035057258792221546,0.0021327929571270943,0.012949285097420216,0.0012990391114726663,0.0050085848197340965,0.007658693939447403,0.004459372255951166,0.0036260299384593964,0.0016771916998550296,0.003868475556373596,0.21228110790252686,0.0012956185964867473,0.0021429494954645634,0.0032071738969534636
48,6.4072266,0.006515821907669306,0.007416608277708292,0.0031544973608106375,0.0061843544244766235,0.00907804910093546,0.004622261039912701,0.004745151847600937,0.004025701899081469,0.011811267584562302,0.005824747029691935,0.009742695838212967,0.0025227253790944815,0.005131056997925043,0.005899730138480663,0.011103898286819458,0.007151525467634201,0.0032412786968052387,0.0023740811739116907,0.004586322698742151,0.004248592536896467,0.0037128760013729334,0.001591856125742197,0.0017303504282608628,0.0031580652575939894,0.003116313833743334,0.0011732986895367503,0.0028753175865858793,0.0024364518467336893,0.0028088209219276905,0.004376736935228109,0.0026082361582666636,0.0014401525259017944,0.026088174432516098,0.0024797129444777966,0.00248872023075819,0.0011865675915032625,0.004110806155949831,0.016113249585032463,0.00247343466617167,0.0033644973300397396,0.0034907162189483643,0.001516976160928607,0.0018627614481374621,0.003094056388363242,0.006316767074167728,0.013713167980313301,0.0023473163601011038,0.012237492948770523,0.0012984519125893712,0.001703600981272757
49,6.5664062,0.0074903094209730625,0.0008459498058073223,0.0033590535167604685,0.0106407031416893,0.006202916614711285,0.0006107998779043555,0.0042527178302407265,0.003921495284885168,0.1648658812046051,0.003747684182599187,0.0014316349988803267,0.0022859168238937855,0.005485358648002148,0.0006138632306829095,0.0053589800372719765,0.003628858830779791,0.0053546372801065445,0.0013603901024907827,0.003050561062991619,0.0040622795931994915,0.0036002981942147017,0.004754950292408466,0.003021398326382041,0.020859794691205025,0.0013980561634525657,0.0024399685207754374,0.0008294513681903481,0.0038928629364818335,0.011069492436945438,0.0019297405378893018,0.0033173037227243185,0.007075261790305376,0.0023280936293303967,0.0023318298626691103,0.0012964833294972777,0.0063196634873747826,0.00871738139539957,0.010805316269397736,0.0016834390116855502,0.003067614743486047,0.00322783924639225,0.003970677498728037,0.0003144753281958401,0.003790231654420495,0.00504012918099761,0.006080733146518469,0.00432353001087904,0.0030062603764235973,0.004367194604128599,0.0006366068264469504
50,6.727539,0.007844317704439163,0.002992731286212802,0.0007266543689183891,0.011218195781111717,0.010288764722645283,0.00204939185641706,0.011628043837845325,0.0023804933298379183,0.0007809636881574988,0.0018374143401160836,0.004809065721929073,0.0030864139553159475,0.0023428581189364195,0.0008416081545874476,0.007473713252693415,0.0011019636876881123,0.0029676579870283604,0.02266344614326954,0.0011862794635817409,0.0025306963361799717,0.0025672712363302708,0.0030319285579025745,0.0011418837821111083,0.001178380218334496,0.002009548246860504,0.0022259289398789406,0.001696927472949028,0.007947498932480812,0.0014630911173298955,0.0019215220818296075,0.007308763451874256,0.00457284739241004,0.0011886577121913433,0.005226374138146639,0.002559129847213626,0.005202842876315117,0.0052874162793159485,0.0015590385301038623,0.004412165377289057,0.005018068943172693,0.012535672634840012,0.0034560628701001406,0.0019612591713666916,0.0008541758288629353,0.0076358080841600895,0.0014249786036089063,0.0039069270715117455,0.016797391697764397,0.004221662878990173,0.007422286551445723
51,6.890625,0.0034514463040977716,0.0037446673959493637,0.0010349903022870421,0.005807848647236824,0.003580356715247035,0.004541734699159861,0.003968686796724796,0.0019522891379892826,0.01611817441880703,0.004679528530687094,0.002595210447907448,0.0017076389631256461,0.002265289891511202,0.017291966825723648,0.0033818958327174187,0.0032096633221954107,0.003131998237222433,0.037363793700933456,0.0385218970477581,0.006166157312691212,0.0030078289564698935,0.012416067533195019,0.004695606417953968,0.0030882719438523054,0.01975010335445404,0.0018284678226336837,0.010769150219857693,0.0036964688915759325,0.0016012134728953242,0.0037239915691316128,0.0038313278928399086,0.0013689331244677305,0.007608535699546337,0.0014108947943896055,0.0038933339528739452,0.004182104486972094,0.0025097515899688005,0.005169339943677187,0.0042882938869297504,0.0033251119311898947,0.014879701659083366,0.007581245619803667,0.006051070522516966,0.0010774728143587708,0.004629073198884726,0.00311411265283823,0.0018897292902693152,0.002274381695315242,0.009224780835211277,0.0067704347893595695
52,7.055664,0.0013404458295553923,0.002571478486061096,0.017758283764123917,0.002355672186240554,0.0013082522200420499,0.003456201869994402,0.00883354339748621,0.005770119372755289,0.005428817588835955,0.014648061245679855,0.002064532833173871,0.001116040162742138,0.018725983798503876,0.002397100208327174,0.014147082343697548,0.004563491325825453,0.0016299608396366239,0.002157675800845027,0.023549381643533707,0.0030623413622379303,0.09255258738994598,0.004568793345242739,0.0031500007025897503,0.004026677459478378,0.006175417453050613,0.0011823010863736272,0.0009575833682902157,0.0014778400072827935,0.006249208003282547,0.008177408948540688,0.0010880306363105774,0.011588072404265404,0.0018209946574643254,0.006319426000118256,0.0027878410182893276,0.0031658050138503313,0.006272274535149336,0.0036478191614151,0.001282177516259253,0.000593766279052943,0.0021353571210056543,0.004025595728307962,0.0026821100618690252,0.004836615640670061,0.002317903097718954,0.0013420716859400272,0.010827446356415749,0.0025897235609591007,0.002697330666705966,0.0013938670745119452
53,7.2226562,0.015402437187731266,0.0032846590038388968,0.026342488825321198,0.013156729750335217,0.006906372494995594,0.016953401267528534,0.002756065223366022,0.0024440183769911528,0.01090360339730978,0.0026295774150639772,0.004954117815941572,0.0024721871595829725,0.002145375357940793,0.0035027137491852045,0.006894341204315424,0.0036316763143986464,0.005591520573943853,0.008231067098677158,0.0014502436388283968,0.005940515547990799,0.0006792600615881383,0.0010215981164947152,0.001347778015770018,0.007338047027587891,0.004647335037589073,0.008891677483916283,0.0034236840438097715,0.00629991153255105,0.0037065499927848577,0.008016139268875122,0.007294333074241877,0.001312114531174302,0.002179187024012208,0.0033857303205877542,0.008575842715799809,0.0007141963578760624,0.007155799772590399,0.001644021482206881,0.0012780274264514446,0.002874725963920355,0.005383066367357969,0.0009379186667501926,0.029899777844548225,0.008257759734988213,0.001994149759411812,0.0032146309968084097,0.008484945632517338,0.0039648497477173805,0.0018907423363998532,0.0046851723454892635
54,7.3916016,0.000709893589373678,0.005533746909350157,0.001233658054843545,0.01626080460846424,0.0011567763285711408,0.0022826213389635086,0.005555632058531046,0.002177615649998188,0.04264364019036293,0.0013663029531016946,0.0022722084540873766,0.0007055406458675861,0.005530075170099735,0.0014362508663907647,0.0028904699720442295,0.0026297306176275015,0.0012252163141965866,0.0023093419149518013,0.002570974873378873,0.007656133733689785,0.002762138843536377,0.013564681634306908,0.0023484400007873774,0.019186852499842644,0.0020213539246469736,0.003073885105550289,0.01026192307472229,0.0051083313301205635,0.003546906867995858,0.014339713379740715,0.0013210970209911466,0.0038376860320568085,0.014785025268793106,0.002531564561650157,0.004426723811775446,0.004663678817451,0.005923966411501169,0.002396651776507497,0.004366985522210598,0.004287454765290022,0.001303539494983852,0.0012317949440330267,0.01284774113446474,0.0006067018839530647,0.0005113337538205087,0.003091133665293455,0.0018058136338368058,0.0021923030726611614,0.004677636083215475,0.02042732946574688
55,7.5625,0.00672117481008172,0.0017615801189094782,0.0027296061161905527,0.002884036861360073,0.0021045769099146128,0.006969091482460499,0.0021103345789015293,0.0028392882086336613,0.0015320434467867017,0.0009808784816414118,0.004127181600779295,0.00605017552152276,0.0033720151986926794,0.0008733695140108466,0.0011886287247762084,0.0019112288719043136,0.0005304707447066903,0.003053224179893732,0.009570969268679619,0.0059281326830387115,0.00045052371569909155,0.006003922782838345,0.00438392860814929,0.0034176886547356844,0.008131993003189564,0.006846208591014147,0.0024517765268683434,0.002687534550204873,0.00045143900206312537,0.0010557344648987055,0.005079442169517279,0.0022850646637380123,0.0062222788110375404,0.0006955371936783195,0.003031266387552023,0.0034066373482346535,0.014829624444246292,0.004655270371586084,0.009191869758069515,0.0033087448682636023,0.008877633139491081,0.004907602909952402,0.005395293701440096,0.0032062907703220844,0.012455347925424576,0.002925244625657797,0.004164725076407194,0.006520374212414026,0.006111864931881428,0.011243914254009724
56,7.7353516,0.0006135147996246815,0.0011306649539619684,0.002624270273372531,0.0071096643805503845,0.001346483826637268,0.0018851971253752708,0.006421874742954969,0.010444031096994877,0.004252851475030184,0.00721511198207736,0.0037698678206652403,0.009388723410665989,0.004890499636530876,0.0023782439529895782,0.008685674518346786,0.0017524085706099868,0.005529787391424179,0.0029049478471279144,0.008073322474956512,0.0036223933566361666,0.003546989755704999,0.0024918420240283012,0.0025724018923938274,0.004415246192365885,0.001629778416827321,0.004074705298990011,0.00623807217925787,0.005104803945869207,0.003214688040316105,0.0009036212577484548,0.0032504852861166,0.0025650057941675186,0.00514004984870553,0.010521375574171543,0.005147171206772327,0.001476945006288588,0.02891765534877777,0.0036489313933998346,0.0031097950413823128,0.0007944671087898314,0.0011078109964728355,0.006126537453383207,0.005596333183348179,0.0027670308481901884,0.0023579110857099295,0.0007883784710429609,0.008552872575819492,0.0002425747807137668,0.0002886736474465579,0.016368301585316658
57,7.9101562,0.005256629083305597,0.006095307879149914,0.0011696834117174149,0.0041070133447647095,0.0008239556336775422,0.0023952682968229055,0.0034066864755004644,0.0006091149989515543,0.0001256404211744666,0.005301122087985277,0.006809418089687824,0.0013437187299132347,0.007385921198874712,0.015486665070056915,0.0012512204702943563,0.005302289500832558,0.0008281676564365625,0.0019219249952584505,0.004842259455472231,0.002747998107224703,0.0014438359066843987,0.0022217656951397657,0.0006672434392385185,0.00725966040045023,0.011829186230897903,0.0032853898592293262,0.0029292923863977194,0.0014848703285679221,0.002614423865452409,0.017130043357610703,0.0033618833404034376,0.0029831489082425833,0.0024734227918088436,0.0008934750803746283,0.0023313635028898716,0.0025550143327564,0.005763423629105091,0.002715404611080885,0.0026844684034585953,0.0012423326261341572,0.0015090472297742963,0.0014461871469393373,0.004296906758099794,0.00639693159610033,0.004964635241776705,0.0016511528519913554,0.0010615596547722816,0.002159040654078126,0.005651353392750025,0.006717565469443798
58,8.086914,0.0004564897681120783,0.00826883502304554,0.005892891902476549,0.010417728684842587,0.0016394518315792084,0.0018984832568094134,0.00016353506362065673,0.010205883532762527,0.010728107765316963,0.001922178314998746,0.0033339972142130136,0.001876424765214324,0.0005494378274306655,0.022137781605124474,0.001763902953825891,0.003273892914876342,0.00150611053686589,0.005033864174038172,0.0011748974211513996,0.003020968521013856,0.023427298292517662,0.0070518795400857925,0.000655252137221396,0.009496314451098442,0.005624460522085428,0.0014722077175974846,0.005521127954125404,0.004072591662406921,0.007610025350004435,0.002572224009782076,0.0034075803123414516,0.010681274347007275,0.008100679144263268,0.002383084502071142,0.010995626449584961,0.012488131411373615,0.015290862880647182,0.0006199053023010492,0.0011920117540284991,0.004191266838461161,0.007350562140345573,0.006109998561441898,0.0021116011776030064,0.0017442497191950679,0.0017478306544944644,0.0024444027803838253,0.006326250731945038,0.01172079797834158,0.002618940779939294,0.00407563429325819
59,8.265625,0.004443524405360222,0.003753837663680315,0.004136515315622091,0.002331011462956667,0.002893662080168724,0.013086902908980846,0.024651557207107544,0.001396948006004095,0.004348369315266609,0.0033925434108823538,0.003743243170902133,0.03860362619161606,0.004911982454359531,0.004174396861344576,0.017826184630393982,0.0016066106036305428,0.003956667147576809,0.0032058004289865494,0.007470947224646807,0.008472755551338196,0.002406348707154393,0.004486076068133116,0.002592237666249275,0.0009854998206719756,0.0050187488086521626,0.006530337501317263,0.0009374151704832911,0.002975179348140955,0.0026602272409945726,0.001631391467526555,0.009811985306441784,0.005006673280149698,0.0088884849101305,0.0013576720375567675,0.005443201866000891,0.004391362424939871,0.0003540899488143623,0.0021302751265466213,0.0034965029917657375,0.003569990396499634,0.0021298725623637438,0.06195184215903282,0.0013514674501493573,0.001481114188209176,0.0013077963376417756,0.005791688337922096,0.0019846002105623484,0.002467492362484336,0.004422449506819248,0.0022194841876626015
60,8.446289,0.001072664512321353,0.0020122560672461987,0.0022438615560531616,0.004303664434701204,0.005293031223118305,0.002953894902020693,0.007963264361023903,0.0011079047108069062,0.0034643830731511116,0.01719476282596588,0.00826613511890173,0.0042792391031980515,0.0041945576667785645,0.0011623986065387726,0.004012878518551588,0.006400918122380972,0.0018253546440973878,0.00496372627094388,0.027342872694134712,0.003551006317138672,0.05288859084248543,0.04378250241279602,0.012990438379347324,0.021728547289967537,0.015194365754723549,0.0010901766363531351,0.0026697604916989803,0.008167066611349583,0.00032174651278182864,0.0014183740131556988,0.004712719935923815,0.001373324659653008,0.0006777121452614665,0.0049344380386173725,0.0019935593008995056,0.0007467145333066583,0.001442833454348147,0.0070411465130746365,0.005744727328419685,0.0018166012596338987,0.00025166795239783823,0.00953463651239872,0.0014265822246670723,0.0021983713377267122,0.001910591498017311,0.0017429706640541553,0.001660213340073824,0.0026095309294760227,0.0024725550319999456,0.005927662365138531
61,8.628906,0.008777561597526073,0.0005278882454149425,0.004639168735593557,0.0010183588601648808,0.005460099317133427,0.021549366414546967,0.0031502542551606894,0.005770500283688307,0.0018865643069148064,0.002334125805646181,0.0032134498469531536,0.0021874208468943834,0.01606045849621296,0.011912370100617409,0.011066742241382599,0.0009536540601402521,0.0035259881988167763,0.003673320868983865,0.0006289423909038305,0.009519549086689949,0.0044182296842336655,0.0009300779202021658,0.00790052767843008,0.006801085080951452,0.0009223627857863903,0.0021647780667990446,0.008009053766727448,0.008816148154437542,0.0030769791919738054,0.0010932408040389419,0.004683362785726786,0.0022490110713988543,0.0034097798634320498,0.009676774963736534,0.002148589352145791,0.0015554714482277632,0.009144679643213749,0.004297861363738775,0.006976786535233259,0.006718458142131567,0.0069271293468773365,0.0034841615706682205,0.003059770679101348,0.03152824938297272,0.02056702971458435,0.011806711554527283,0.0035703741014003754,0.005877516698092222,0.011663057841360569,0.005738819018006325
62,8.813477,0.0023989747278392315,0.0058415671810507774,0.008606091141700745,0.0017382705118507147,0.0022005753125995398,0.011777795851230621,0.0010932891163975,0.006327717565000057,0.0017302670748904347,0.004332344979047775,0.002487468533217907,0.005184602458029985,0.0013993352185934782,0.00032549924799241126,0.009640643373131752,0.013965904712677002,0.0028593852184712887,0.0016615435015410185,0.016221148893237114,0.0022118736524134874,0.0008461328106932342,0.0019668014720082283,0.008459914475679398,0.0011982766445726156,0.0009167044190689921,0.003021389478817582,0.018368644639849663,0.0005682415794581175,0.007762591820210218,0.0012153859715908766,0.0030874949879944324,0.0022093092557042837,0.0059663415886461735,0.0025692644994705915,0.0010342577006667852,0.0006969093228690326,0.004040972795337439,0.02814796194434166,0.0017413238529115915,0.030006656423211098,0.002110513160005212,0.0010198955424129963,0.020952878519892693,0.002833396429196,0.004085770342499018,0.0029401613865047693,0.0037669746670871973,0.03506568446755409,0.013834032230079174,0.0016179810045287013
63,9.0,0.0024075177498161793,0.008716989308595657,0.004345759749412537,0.012414395809173584,0.0031982657965272665,0.0012524413177743554,0.0005770789575763047,0.11486568301916122,0.004523721523582935,0.0005721503985114396,0.0017414722824469209,0.0032411187421530485,0.0010071397991850972,0.004472036845982075,0.006614733021706343,0.002378399483859539,0.0015495772240683436,0.010000043548643589,0.0023530677426606417,0.007447791751474142,0.003526464570313692,0.001719171996228397,0.012754633091390133,0.0059784408658742905,0.002257722429931164,0.0026763123460114002,0.0016391699900850654,0.0020411338191479445,0.0026909413281828165,0.0032490354496985674,0.0014646990457549691,0.0025035010185092688,0.0005374875036068261,0.027784261852502823,0.0028206214774399996,0.001575466594658792,0.0037919986061751842,0.0008054733043536544,0.0007612602203153074,0.008123528212308884,0.003275500610470772,0.005549238063395023,0.005560198798775673,0.0004458604089450091,0.0022946421522647142,0.002853764221072197,0.0013584495754912496,0.0026668149512261152,0.007169787771999836,0.03252312168478966
